Passage,NewID,Word,WordWithPunctuation,WordNoPunctuation,WordClass,PartOfSpeech,CosineSimilarity,CosineSimilarity_Normalized
1,1Aw01,In,In,In,Function,ADP,null,null
1,1Aw02,the,the,the,Function,DET,null,null
1,1Aw03,right,right,right,Content,ADJ,null,null
1,1Aw04,"hands,","hands,",hands,Content,NOUN,0.1989073,0.19890732
1,1Aw05,location,location,location,Content,NOUN,0.038949247,0.049676206
1,1Aw06,data,data,data,Content,NOUN,0.1480623,0.13522033
1,1Aw07,can,can,can,Function,AUX,0.2694009,0.28757456
1,1Aw08,be,be,be,Content,AUX,0.18641172,0.19008955
1,1Aw09,a,a,a,Function,DET,null,null
1,1Aw10,force,force,force,Content,NOUN,0.1727362,0.18887152
1,1Aw11,for,for,for,Function,ADP,0.30677453,0.32999215
1,1Aw12,good.,good.,good,Content,ADJ,0.23564494,0.263035
1,1Bw01,It,It,It,Function,PRON,0.33062622,0.3421288
1,1Bw02,can,can,can,Function,AUX,0.3588087,0.37608507
1,1Bw03,provide,provide,provide,Content,VERB,0.25695986,0.2548521
1,1Bw04,publishers,publishers,publishers,Content,NOUN,0.110919304,0.109212086
1,1Bw05,and,and,and,Function,CCONJ,null,null
1,1Bw06,app,app,app,Content,NOUN,0.34393626,0.30811387
1,1Bw07,developers,developers,developers,Content,NOUN,0.3717358,0.32100543
1,1Bw08,with,with,with,Function,ADP,0.23854864,0.27391514
1,1Bw09,advertising,advertising,advertising,Content,NOUN,0.29176953,0.26265544
1,1Bw10,revenue,revenue,revenue,Content,NOUN,0.34529555,0.32173514
1,1Bw11,so,so,so,Function,SCONJ,0.33201748,0.3797663
1,1Bw12,consumers,consumers,consumers,Content,NOUN,0.41171524,0.38233823
1,1Bw13,can,can,can,Function,AUX,0.29245535,0.32712844
1,1Bw14,access,access,access,Content,VERB,0.33470526,0.34415218
1,1Bw15,free,free,free,Content,ADJ,0.29595977,0.31347045
1,1Bw16,services,services,services,Content,NOUN,0.406915,0.4092649
1,1Bw17,and,and,and,Function,CCONJ,null,null
1,1Bw18,information.,information.,information,Content,NOUN,0.39388308,0.39381152
2,2Aw01,Paying,Paying,Paying,Content,VERB,null,null
2,2Aw02,for,for,for,Function,ADP,0.21808401,0.21808398
2,2Aw03,college,college,college,Content,NOUN,0.15069222,0.1506922
2,2Aw04,seems,seems,seems,Content,VERB,0.12301523,0.122963935
2,2Aw05,out,out,out,Function,ADP,0.15622139,0.15988953
2,2Aw06,of,of,of,Function,ADP,null,null
2,2Aw07,reach,reach,reach,Content,NOUN,0.10648748,0.10508966
2,2Aw08,for,for,for,Function,ADP,0.33703202,0.3374187
2,2Aw09,many,many,many,Content,ADJ,0.2470963,0.24824084
2,2Aw10,"Americans,","Americans,",Americans,Content,PROPN,0.26585785,0.27047038
2,2Aw11,so,so,so,Function,SCONJ,0.43680432,0.45361593
2,2Aw12,the,the,the,Function,DET,0.35632384,0.36046204
2,2Aw13,idea,idea,idea,Content,NOUN,0.20985734,0.21982698
2,2Aw14,of,of,of,Function,ADP,null,null
2,2Aw15,free,free,free,Content,ADJ,0.19587599,0.19377483
2,2Aw16,college,college,college,Content,NOUN,0.4925995,0.48579767
2,2Aw17,has,has,has,Content,VERB,0.23004335,0.24087839
2,2Aw18,broad,broad,broad,Content,ADJ,0.16079633,0.1674411
2,2Aw19,appeal.,appeal.,appeal,Content,NOUN,0.21506587,0.2164876
2,2Bw01,Several,Several,Several,Content,ADJ,0.1430737,0.16436557
2,2Bw02,Democratic,Democratic,Democratic,Content,ADJ,0.18889718,0.18240196
2,2Bw03,presidential,presidential,presidential,Content,ADJ,0.30926958,0.2828399
2,2Bw04,candidates,candidates,candidates,Content,NOUN,0.30675212,0.2827642
2,2Bw05,and,and,and,Function,CCONJ,null,null
2,2Bw06,members,members,members,Content,NOUN,0.2461849,0.24213724
2,2Bw07,of,of,of,Function,ADP,null,null
2,2Bw08,Congress,Congress,Congress,Content,PROPN,0.2870936,0.27044016
2,2Bw09,have,have,have,Content,AUX,0.42500687,0.45912698
2,2Bw10,endorsed,endorsed,endorsed,Content,VERB,0.28740317,0.27714434
2,2Bw11,it.,it.,it,Function,PRON,0.40758097,0.42995
3,3Aw01,Very,Very,Very,Content,ADV,null,null
3,3Aw02,few,few,few,Content,ADJ,0.1898422,0.18984218
3,3Aw03,issues,issues,issues,Content,NOUN,0.1473002,0.14714448
3,3Aw04,can,can,can,Function,AUX,0.2730398,0.2796411
3,3Aw05,bring,bring,bring,Content,VERB,0.19822963,0.19740435
3,3Aw06,together,together,together,Content,ADV,0.3000084,0.30320165
3,3Aw07,lawmakers,lawmakers,lawmakers,Content,NOUN,0.1601004,0.15327188
3,3Aw08,of,of,of,Function,ADP,null,null
3,3Aw09,both,both,both,Function,DET,0.43747476,0.4557836
3,3Aw10,parties.,parties.,parties,Content,NOUN,0.3340049,0.3148071
3,3Bw01,Animal,Animal,Animal,Content,ADJ,0.032539517,0.03415679
3,3Bw02,cruelty,cruelty,cruelty,Content,NOUN,0.201835,0.18503766
3,3Bw03,is,is,is,Content,AUX,0.22942315,0.24087803
3,3Bw04,one,one,one,Function,NUM,0.35524753,0.38504595
3,3Bw05,of,of,of,Function,ADP,null,null
3,3Bw06,them.,them.,them,Function,PRON,0.4104331,0.40923378
4,4Aw01,Koalas,Koalas,Koalas,Content,PROPN,null,null
4,4Aw02,have,have,have,Content,AUX,0.078848734,0.078848734
4,4Aw03,been,been,been,Content,AUX,0.24591172,0.38807952
4,4Aw04,running,running,running,Content,VERB,0.082217105,0.11781902
4,4Aw05,into,into,into,Function,ADP,0.13612321,0.16249673
4,4Aw06,hard,hard,hard,Content,ADJ,0.18165068,0.2079588
4,4Aw07,times.,times.,times,Content,NOUN,0.3640445,0.387129
4,4Bw01,They,They,They,Function,PRON,0.396908,0.39210287
4,4Bw02,have,have,have,Content,AUX,0.62414306,0.70492387
4,4Bw03,suffered,suffered,suffered,Content,VERB,0.21498908,0.23024744
4,4Bw04,for,for,for,Function,ADP,0.3548942,0.3870274
4,4Bw05,years,years,years,Content,NOUN,0.3545568,0.37879285
4,4Bw06,from,from,from,Function,ADP,0.19411251,0.20308399
4,4Bw07,habitat,habitat,habitat,Content,NOUN,0.1753685,0.12655815
4,4Bw08,"destruction,","destruction,",destruction,Content,NOUN,0.17232579,0.1402516
4,4Bw09,dog,dog,dog,Content,NOUN,0.21489838,0.1943372
4,4Bw10,"attacks,","attacks,",attacks,Content,NOUN,0.26810408,0.2666741
4,4Bw11,automobile,automobile,automobile,Content,NOUN,0.13976745,0.14649951
4,4Bw12,accidents.,accidents.,accidents,Content,NOUN,0.359288,0.3400071
5,5Aw01,Some,Some,Some,Function,DET,null,null
5,5Aw02,recent,recent,recent,Content,ADJ,null,null
5,5Aw03,reports,reports,reports,Content,NOUN,0.27101424,0.27101424
5,5Aw04,have,have,have,Content,AUX,0.249044,0.25943872
5,5Aw05,suggested,suggested,suggested,Content,VERB,0.23519103,0.22964978
5,5Aw06,that,that,that,Function,SCONJ,0.38405734,0.4080116
5,5Aw07,women,women,women,Content,NOUN,0.08078055,0.09144469
5,5Aw08,who,who,who,Function,PRON,0.2440132,0.25900376
5,5Aw09,give,give,give,Content,VERB,0.19344181,0.21665975
5,5Aw10,birth,birth,birth,Content,NOUN,0.15261213,0.14263657
5,5Aw11,by,by,by,Function,ADP,0.2570278,0.27930918
5,5Aw12,cesarean,cesarean,cesarean,Content,ADJ,0.29924068,0.2524404
5,5Aw13,section,section,section,Content,NOUN,0.124136426,0.124507606
5,5Aw14,are,are,are,Content,AUX,0.26777002,0.3146998
5,5Aw15,more,more,more,Content,ADV,0.23262984,0.2794632
5,5Aw16,likely,likely,likely,Content,ADJ,0.28460923,0.32395312
5,5Aw17,to,to,to,Function,PART,null,null
5,5Aw18,have,have,have,Content,VERB,0.5057912,0.596157
5,5Aw19,obese,obese,obese,Content,ADJ,0.35361835,0.2991041
5,5Aw20,children.,children.,children,Content,NOUN,0.34593356,0.3134652
5,5Bw01,But,But,But,Function,CCONJ,0.21762255,0.24868762
5,5Bw02,a,a,a,Function,DET,null,null
5,5Bw03,large,large,large,Content,ADJ,0.20395227,0.22817491
5,5Bw04,new,new,new,Content,ADJ,0.23564695,0.27111483
5,5Bw05,study,study,study,Content,NOUN,0.3505718,0.33198705
5,5Bw06,found,found,found,Content,VERB,0.33860758,0.345843
5,5Bw07,no,no,no,Function,DET,0.27556103,0.313869
5,5Bw08,link,link,link,Content,NOUN,0.2438771,0.24867132
5,5Bw09,between,between,between,Function,ADP,0.25778887,0.2829784
5,5Bw10,the,the,the,Function,DET,0.41014376,0.46361408
5,5Bw11,method,method,method,Content,NOUN,0.17576341,0.17499019
5,5Bw12,of,of,of,Function,ADP,null,null
5,5Bw13,birth,birth,birth,Content,NOUN,0.43187246,0.3472393
5,5Bw14,and,and,and,Function,CCONJ,null,null
5,5Bw15,obesity.,obesity.,obesity,Content,NOUN,0.40111032,0.34595424
6,6Aw01,Pancreatic,Pancreatic,Pancreatic,Content,ADJ,null,null
6,6Aw02,cancer,cancer,cancer,Content,NOUN,0.49660572,0.4966058
6,6Aw03,has,has,has,Content,VERB,0.04361205,0.044406176
6,6Aw04,a,a,a,Function,DET,null,null
6,6Aw05,bad,bad,bad,Content,ADJ,0.08299454,0.097843535
6,6Aw06,reputation.,reputation.,reputation,Content,NOUN,0.15723279,0.1872188
6,6Bw01,It,It,It,Function,PRON,0.19328211,0.21480057
6,6Bw02,is,is,is,Content,AUX,0.2381718,0.2931546
6,6Bw03,a,a,a,Function,DET,null,null
6,6Bw04,terrible,terrible,terrible,Content,ADJ,0.3522945,0.37839723
6,6Bw05,"disease,","disease,",disease,Content,NOUN,0.46131217,0.40811577
6,6Bw06,but,but,but,Function,CCONJ,0.3059001,0.34828076
6,6Bw07,most,most,most,Content,ADJ,0.2204022,0.23601481
6,6Bw08,people,people,people,Content,NOUN,0.23526634,0.25154722
6,6Bw09,do,do,do,Content,AUX,0.34027842,0.38164842
6,6Bw10,not,not,not,Content,PART,0.44613707,0.5136598
6,6Bw11,realize,realize,realize,Content,VERB,0.3086786,0.34533376
6,6Bw12,there,there,there,Content,PRON,0.36157948,0.4122355
6,6Bw13,are,are,are,Content,VERB,0.33944914,0.38869807
6,6Bw14,ways,ways,ways,Content,NOUN,0.2916653,0.2986323
6,6Bw15,that,that,that,Function,PRON,0.52273065,0.56928873
6,6Bw16,early,early,early,Content,ADJ,0.22022592,0.22356717
6,6Bw17,detection,detection,detection,Content,NOUN,0.198805,0.17414999
6,6Bw18,can,can,can,Function,AUX,0.43327844,0.48160902
6,6Bw19,help.,help.,help,Content,VERB,0.35927936,0.36552036
7,7Aw01,Some,Some,Some,Function,DET,null,null
7,7Aw02,nutrition,nutrition,nutrition,Content,NOUN,null,null
7,7Aw03,experts,experts,experts,Content,NOUN,0.16736597,0.167366
7,7Aw04,say,say,say,Content,VERB,0.18350993,0.19261858
7,7Aw05,eggs,eggs,eggs,Content,NOUN,0.16074213,0.1576402
7,7Aw06,are,are,are,Content,AUX,0.21490256,0.23928519
7,7Aw07,good,good,good,Content,ADJ,0.21325809,0.22361617
7,7Aw08,for,for,for,Function,ADP,0.2814923,0.31474054
7,7Aw09,"you,","you,",you,Function,PRON,0.32615405,0.3453861
7,7Aw10,even,even,even,Content,ADV,0.31321394,0.34740552
7,7Aw11,though,though,though,Function,SCONJ,0.39806426,0.48795268
7,7Aw12,they,they,they,Function,PRON,0.47888488,0.53727126
7,7Aw13,are,are,are,Content,AUX,0.48966864,0.5414067
7,7Aw14,high,high,high,Content,ADJ,0.19854827,0.21110311
7,7Aw15,in,in,in,Function,ADP,0.2649505,0.29010674
7,7Aw16,cholesterol.,cholesterol.,cholesterol,Content,NOUN,0.3130875,0.27951565
7,7Bw01,Others,Others,Others,Content,NOUN,0.2166127,0.24152452
7,7Bw02,are,are,are,Content,AUX,0.5836942,0.64501727
7,7Bw03,sure,sure,sure,Content,ADJ,0.30302945,0.334476
7,7Bw04,they,they,they,Function,PRON,0.52920073,0.57854676
7,7Bw05,are,are,are,Content,AUX,0.6624288,0.71096003
7,7Bw06,bad.,bad.,bad,Content,ADJ,0.3485201,0.35724875
8,8Aw01,Experts,Experts,Experts,Content,NOUN,null,null
8,8Aw02,generally,generally,generally,Content,ADV,0.1690041,0.16900411
8,8Aw03,agree,agree,agree,Content,VERB,0.21622252,0.21586809
8,8Aw04,that,that,that,Function,SCONJ,0.3292762,0.3366451
8,8Aw05,watching,watching,watching,Content,VERB,0.13032414,0.13112333
8,8Aw06,a,a,a,Function,DET,null,null
8,8Aw07,lot,lot,lot,Content,NOUN,0.3001459,0.31118795
8,8Aw08,of,of,of,Function,ADP,null,null
8,8Aw09,television,television,television,Content,NOUN,0.20945002,0.201776
8,8Aw10,is,is,is,Content,AUX,0.19247913,0.19562763
8,8Aw11,bad,bad,bad,Content,ADJ,0.32516217,0.32866406
8,8Aw12,for,for,for,Function,ADP,0.31010187,0.3329502
8,8Aw13,children.,children.,children,Content,NOUN,0.19280298,0.19085857
8,8Bw01,Now,Now,Now,Content,INTJ,0.28198743,0.2882378
8,8Bw02,a,a,a,Function,DET,null,null
8,8Bw03,new,new,new,Content,ADJ,0.23162854,0.24864954
8,8Bw04,study,study,study,Content,NOUN,0.19787623,0.18918018
8,8Bw05,suggests,suggests,suggests,Content,VERB,0.30677837,0.31706083
8,8Bw06,it,it,it,Function,PRON,0.454157,0.4723051
8,8Bw07,may,may,may,Function,AUX,0.4528932,0.4707325
8,8Bw08,not,not,not,Content,PART,0.52588874,0.5340991
8,8Bw09,be,be,be,Content,AUX,0.39663142,0.43109804
8,8Bw10,very,very,very,Content,ADV,0.42320848,0.4435352
8,8Bw11,good,good,good,Content,ADJ,0.4984924,0.49262175
8,8Bw12,for,for,for,Function,ADP,0.38128972,0.40638113
8,8Bw13,"adults,","adults,",adults,Content,NOUN,0.34803793,0.32988468
8,8Bw14,either.,either.,either,Function,ADV,0.4462275,0.46463454
9,9Aw01,Legislators,Legislators,Legislators,Content,NOUN,null,null
9,9Aw02,and,and,and,Function,CCONJ,null,null
9,9Aw03,gun,gun,gun,Content,NOUN,0.15112926,0.15112928
9,9Aw04,safety,safety,safety,Content,NOUN,0.15697788,0.15392038
9,9Aw05,advocates,advocates,advocates,Content,NOUN,0.42008072,0.4277042
9,9Aw06,often,often,often,Content,ADV,0.19310875,0.1915499
9,9Aw07,focus,focus,focus,Content,VERB,0.11104755,0.115246974
9,9Aw08,on,on,on,Function,ADP,0.17341433,0.18086816
9,9Aw09,how,how,how,Content,SCONJ,0.251669,0.26743075
9,9Aw10,guns,guns,guns,Content,NOUN,0.44565648,0.40873706
9,9Aw11,are,are,are,Content,AUX,0.23900221,0.26167455
9,9Aw12,purchased.,purchased.,purchased,Content,VERB,0.030031914,0.030259322
9,9Bw01,But,But,But,Function,CCONJ,0.25216573,0.26473725
9,9Bw02,many,many,many,Content,ADJ,0.40353015,0.44816393
9,9Bw03,lives,lives,lives,Content,NOUN,0.25412107,0.26423022
9,9Bw04,could,could,could,Function,AUX,0.30162862,0.3218914
9,9Bw05,be,be,be,Content,AUX,0.31039765,0.33594927
9,9Bw06,"saved,","saved,",saved,Content,VERB,0.20040795,0.20171203
9,9Bw07,especially,especially,especially,Content,ADV,0.37771517,0.42126277
9,9Bw08,among,among,among,Function,ADP,0.26490968,0.2959272
9,9Bw09,"children,","children,",children,Content,NOUN,0.32050845,0.31261674
9,9Bw10,if,if,if,Function,SCONJ,0.3669411,0.39741284
9,9Bw11,they,they,they,Function,PRON,0.5148078,0.54126483
9,9Bw12,looked,looked,looked,Content,VERB,0.21549378,0.23378819
9,9Bw13,more,more,more,Content,ADV,0.3313021,0.35499483
9,9Bw14,at,at,at,Function,ADP,0.2048519,0.21301894
9,9Bw15,how,how,how,Content,SCONJ,0.45426983,0.48145002
9,9Bw16,they,they,they,Function,PRON,0.55439985,0.5751387
9,9Bw17,are,are,are,Content,AUX,0.48262313,0.52645963
9,9Bw18,stored.,stored.,stored,Content,VERB,0.26102912,0.24914446
10,10Aw01,Most,Most,Most,Content,ADJ,null,null
10,10Aw02,cricket,cricket,cricket,Content,NOUN,0.08098259,0.08098259
10,10Aw03,"species,","species,",species,Content,NOUN,0.121491574,0.11286215
10,10Aw04,indoors,indoors,indoors,Content,ADV,0.15161106,0.15466285
10,10Aw05,or,or,or,Function,CCONJ,0.16541782,0.1757215
10,10Aw06,"outdoors,","outdoors,",outdoors,Content,ADV,0.47905394,0.46764594
10,10Aw07,are,are,are,Content,AUX,0.1844192,0.21288283
10,10Aw08,omnivorous.,omnivorous.,omnivorous,Content,ADJ,0.2037008,0.18880361
10,10Bw01,They,They,They,Function,PRON,0.20291093,0.21643335
10,10Bw02,will,will,will,Function,AUX,0.14471027,0.18108918
10,10Bw03,eat,eat,eat,Content,VERB,0.39624807,0.39073154
10,10Bw04,almost,almost,almost,Content,ADV,0.20482914,0.22802891
10,10Bw05,any,any,any,Function,PRON,0.23293842,0.2561997
10,10Bw06,organic,organic,organic,Content,ADJ,0.26655105,0.25840196
10,10Bw07,"material,","material,",material,Content,NOUN,0.16099659,0.1691021
10,10Bw08,usually,usually,usually,Content,ADV,0.34100458,0.38396272
10,10Bw09,preferring,preferring,preferring,Content,VERB,0.22645807,0.23197207
10,10Bw10,items,items,items,Content,NOUN,0.2698888,0.27555162
10,10Bw11,derived,derived,derived,Content,VERB,0.24043204,0.24144794
10,10Bw12,from,from,from,Function,ADP,0.24905218,0.27635303
10,10Bw13,plants.,plants.,plants,Content,NOUN,0.33229443,0.31846967
11,11Aw01,The,The,The,Function,DET,null,null
11,11Aw02,American,American,American,Content,ADJ,null,null
11,11Aw03,medical,medical,medical,Content,ADJ,0.101224385,0.10122437
11,11Aw04,malpractice,malpractice,malpractice,Content,NOUN,0.25929493,0.28338778
11,11Aw05,system,system,system,Content,NOUN,0.15899183,0.149092
11,11Aw06,is,is,is,Content,AUX,0.11551801,0.12983546
11,11Aw07,doing,doing,doing,Content,VERB,0.14866501,0.16560693
11,11Aw08,almost,almost,almost,Content,ADV,0.17405674,0.20091833
11,11Aw09,nothing,nothing,nothing,Content,PRON,0.33258495,0.36479366
11,11Aw10,to,to,to,Function,PART,null,null
11,11Aw11,improve,improve,improve,Content,VERB,0.1501515,0.16521604
11,11Aw12,the,the,the,Function,DET,0.3349862,0.37411997
11,11Aw13,quality,quality,quality,Content,NOUN,0.30116743,0.3039349
11,11Aw14,of,of,of,Function,ADP,null,null
11,11Aw15,health,health,health,Content,NOUN,0.41192153,0.39373282
11,11Aw16,"care,","care,",care,Content,NOUN,0.47731748,0.47030386
11,11Aw17,research,research,research,Content,NOUN,0.250438,0.25009605
11,11Aw18,suggests.,suggests.,suggests,Content,VERB,0.2193687,0.23249653
11,11Bw01,What,What,What,Function,PRON,0.32606038,0.3432342
11,11Bw02,may,may,may,Function,AUX,0.27350804,0.29554385
11,11Bw03,be,be,be,Content,AUX,0.2723672,0.29992947
11,11Bw04,more,more,more,Content,ADV,0.2949472,0.31576282
11,11Bw05,concerning,concerning,concerning,Content,ADJ,0.2366845,0.2413586
11,11Bw06,is,is,is,Content,AUX,0.4303354,0.48349983
11,11Bw07,that,that,that,Function,SCONJ,0.4707367,0.50036883
11,11Bw08,there,there,there,Content,PRON,0.39403602,0.413664
11,11Bw09,is,is,is,Content,VERB,0.5119305,0.5742455
11,11Bw10,very,very,very,Content,ADV,0.39230517,0.42420635
11,11Bw11,little,little,little,Content,ADJ,0.42237416,0.44181567
11,11Bw12,"discussion,","discussion,",discussion,Content,NOUN,0.20750578,0.21169215
11,11Bw13,much,much,much,Content,ADV,0.44744176,0.46843663
11,11Bw14,less,less,less,Content,ADJ,0.424662,0.45280948
11,11Bw15,"action,","action,",action,Content,NOUN,0.23052604,0.22394773
11,11Bw16,on,on,on,Function,ADP,0.2671182,0.27284956
11,11Bw17,reform.,reform.,reform,Content,NOUN,0.3341645,0.30697188
12,12Aw01,Many,Many,Many,Content,ADJ,null,null
12,12Aw02,studies,studies,studies,Content,NOUN,0.06473788,0.06473787
12,12Aw03,have,have,have,Content,AUX,0.3350113,0.37981883
12,12Aw04,found,found,found,Content,VERB,0.23826961,0.23369175
12,12Aw05,that,that,that,Function,SCONJ,0.3973352,0.43474108
12,12Aw06,obesity,obesity,obesity,Content,NOUN,0.22007209,0.20438936
12,12Aw07,is,is,is,Content,AUX,0.18142444,0.1932094
12,12Aw08,associated,associated,associated,Content,VERB,0.20903967,0.20634772
12,12Aw09,with,with,with,Function,ADP,0.3259494,0.36382404
12,12Aw10,an,an,an,Function,DET,0.13772897,0.15696621
12,12Aw11,increased,increased,increased,Content,VERB,0.29955348,0.293184
12,12Aw12,risk,risk,risk,Content,NOUN,0.34876397,0.3382734
12,12Aw13,for,for,for,Function,ADP,0.30171973,0.3558189
12,12Aw14,prostate,prostate,prostate,Content,NOUN,0.21706913,0.18659978
12,12Aw15,cancer.,cancer.,cancer,Content,NOUN,0.42881376,0.36239526
12,12Bw01,Now,Now,Now,Content,ADV,0.15346637,0.17767924
12,12Bw02,a,a,a,Function,DET,null,null
12,12Bw03,new,new,new,Content,ADJ,0.20433903,0.24377087
12,12Bw04,study,study,study,Content,NOUN,0.4504985,0.41911054
12,12Bw05,suggests,suggests,suggests,Content,VERB,0.35343936,0.37173334
12,12Bw06,that,that,that,Function,SCONJ,0.37702715,0.44007364
12,12Bw07,the,the,the,Function,DET,0.33436525,0.3990422
12,12Bw08,degree,degree,degree,Content,NOUN,0.21966256,0.23493189
12,12Bw09,of,of,of,Function,ADP,null,null
12,12Bw10,risk,risk,risk,Content,NOUN,0.49407807,0.47697958
12,12Bw11,may,may,may,Function,AUX,0.42192465,0.47295296
12,12Bw12,depend,depend,depend,Content,VERB,0.18279047,0.21321057
12,12Bw13,on,on,on,Function,ADP,0.200101,0.23096417
12,12Bw14,where,where,where,Content,SCONJ,0.2436106,0.28388718
12,12Bw15,in,in,in,Function,ADP,0.35270312,0.4099829
12,12Bw16,the,the,the,Function,DET,0.34999818,0.4112249
12,12Bw17,body,body,body,Content,NOUN,0.2256611,0.21626465
12,12Bw18,the,the,the,Function,DET,0.35555524,0.41515413
12,12Bw19,fat,fat,fat,Content,NOUN,0.37068924,0.34213746
12,12Bw20,is.,is.,is,Content,AUX,0.36487162,0.42509192
13,13Aw01,In,In,In,Function,ADP,null,null
13,13Aw02,"general,","general,",general,Content,ADJ,null,null
13,13Aw03,any,any,any,Function,DET,0.18848512,0.18848512
13,13Aw04,exercise,exercise,exercise,Content,NOUN,0.09025235,0.09025236
13,13Aw05,improves,improves,improves,Content,VERB,0.11960418,0.11670298
13,13Aw06,our,our,our,Function,PRON,0.21582846,0.22051981
13,13Aw07,health.,health.,health,Content,NOUN,0.25826114,0.2706481
13,13Bw01,But,But,But,Function,CCONJ,0.15171927,0.15775643
13,13Bw02,a,a,a,Function,DET,null,null
13,13Bw03,wealth,wealth,wealth,Content,NOUN,0.1585021,0.16667648
13,13Bw04,of,of,of,Function,ADP,null,null
13,13Bw05,recent,recent,recent,Content,ADJ,0.10602725,0.11084391
13,13Bw06,science,science,science,Content,NOUN,0.25241092,0.26061404
13,13Bw07,and,and,and,Function,CCONJ,null,null
13,13Bw08,personal,personal,personal,Content,ADJ,0.2835871,0.29576123
13,13Bw09,experience,experience,experience,Content,NOUN,0.3054186,0.29624423
13,13Bw10,indicate,indicate,indicate,Content,VERB,0.13181056,0.13686346
13,13Bw11,that,that,that,Function,SCONJ,0.3073652,0.31954893
13,13Bw12,different,different,different,Content,ADJ,0.2214671,0.2231259
13,13Bw13,people,people,people,Content,NOUN,0.2827078,0.2880734
13,13Bw14,can,can,can,Function,AUX,0.3016388,0.29206643
13,13Bw15,respond,respond,respond,Content,VERB,0.24205063,0.24220051
13,13Bw16,to,to,to,Function,ADP,null,null
13,13Bw17,similar,similar,similar,Content,ADJ,0.31302592,0.3257134
13,13Bw18,exercise,exercise,exercise,Content,NOUN,0.39535412,0.37749073
13,13Bw19,routines,routines,routines,Content,NOUN,0.21444942,0.20607054
13,13Bw20,in,in,in,Function,ADP,0.30682728,0.32179236
13,13Bw21,different,different,different,Content,ADJ,0.42807668,0.4483276
13,13Bw22,ways.,ways.,ways,Content,NOUN,0.28073508,0.27905568
14,14Aw01,A,A,A,Function,DET,null,null
14,14Aw02,lifelong,lifelong,lifelong,Content,ADJ,null,null
14,14Aw03,swimmer,swimmer,swimmer,Content,NOUN,0.11344539,0.11344538
14,14Aw04,leapt,leapt,leapt,Content,VERB,0.061438013,0.055557273
14,14Aw05,into,into,into,Function,ADP,0.06270966,0.06815042
14,14Aw06,deep,deep,deep,Content,ADJ,0.16835761,0.17950186
14,14Aw07,water,water,water,Content,NOUN,0.21418013,0.21314277
14,14Aw08,near,near,near,Function,ADP,0.17215256,0.1824172
14,14Aw09,his,his,his,Function,PRON,0.26658475,0.2689337
14,14Aw10,lakeside,lakeside,lakeside,Content,NOUN,0.25647762,0.26179218
14,14Aw11,"home,","home,",home,Content,NOUN,0.21135865,0.21477635
14,14Aw12,and,and,and,Function,CCONJ,null,null
14,14Aw13,was,was,was,Content,AUX,0.22068042,0.21818967
14,14Aw14,horrified,horrified,horrified,Content,VERB,0.20718014,0.2047436
14,14Aw15,to,to,to,Function,PART,null,null
14,14Aw16,find,find,find,Content,VERB,0.18275374,0.2068787
14,14Aw17,himself,himself,himself,Function,PRON,0.25061646,0.24901919
14,14Aw18,completely,completely,completely,Content,ADV,0.1775764,0.19461156
14,14Aw19,unable,unable,unable,Content,ADJ,0.24737705,0.25778112
14,14Aw20,to,to,to,Function,PART,null,null
14,14Aw21,swim.,swim.,swim,Content,VERB,0.4540904,0.40377513
14,14Bw01,Had,Had,Had,Content,AUX,0.13341072,0.15265957
14,14Bw02,his,his,his,Function,PRON,0.29012066,0.30937564
14,14Bw03,wife,wife,wife,Content,NOUN,0.2685697,0.27624792
14,14Bw04,not,not,not,Content,PART,0.37829486,0.41340154
14,14Bw05,rescued,rescued,rescued,Content,VERB,0.33561203,0.31836712
14,14Bw06,"him,","him,",him,Function,PRON,0.34648323,0.37507337
14,14Bw07,he,he,he,Function,PRON,0.393491,0.4395749
14,14Bw08,might,might,might,Function,AUX,0.35169545,0.4041808
14,14Bw09,have,have,have,Content,AUX,0.3254857,0.39249384
14,14Bw10,drowned.,drowned.,drowned,Content,VERB,0.48648903,0.436977
15,15Aw01,Scientists,Scientists,Scientists,Content,NOUN,null,null
15,15Aw02,have,have,have,Content,AUX,0.1375205,0.13752052
15,15Aw03,used,used,used,Content,VERB,0.10861045,0.12423992
15,15Aw04,genetically,genetically,genetically,Content,ADV,0.28858942,0.2590761
15,15Aw05,reprogrammed,reprogrammed,reprogrammed,Content,VERB,0.33002746,0.33810836
15,15Aw06,bacteria,bacteria,bacteria,Content,NOUN,0.3585537,0.31819496
15,15Aw07,to,to,to,Function,PART,null,null
15,15Aw08,destroy,destroy,destroy,Content,VERB,0.24227203,0.25985473
15,15Aw09,tumors,tumors,tumors,Content,NOUN,0.4268231,0.38440967
15,15Aw10,in,in,in,Function,ADP,0.07544798,0.12849273
15,15Aw11,mice.,mice.,mice,Content,NOUN,0.5699283,0.5210127
15,15Bw01,The,The,The,Function,DET,0.023398358,0.04846314
15,15Bw02,innovative,innovative,innovative,Content,ADJ,0.16426326,0.1738662
15,15Bw03,method,method,method,Content,NOUN,0.2653086,0.28739977
15,15Bw04,one,one,one,Function,NUM,0.14464411,0.18205594
15,15Bw05,day,day,day,Content,NOUN,0.050235916,0.06682088
15,15Bw06,may,may,may,Function,AUX,0.25368196,0.2916283
15,15Bw07,lead,lead,lead,Content,VERB,0.12225023,0.12431198
15,15Bw08,to,to,to,Function,ADP,null,null
15,15Bw09,cancer,cancer,cancer,Content,NOUN,0.4037546,0.3679168
15,15Bw10,therapies,therapies,therapies,Content,NOUN,0.47409615,0.45250744
15,15Bw11,that,that,that,Function,PRON,0.25686738,0.31934878
15,15Bw12,treat,treat,treat,Content,VERB,0.35370344,0.3799188
15,15Bw13,the,the,the,Function,DET,0.14947747,0.21385661
15,15Bw14,disease,disease,disease,Content,NOUN,0.5444909,0.5093447
15,15Bw15,more,more,more,Content,ADV,0.18725519,0.22036728
15,15Bw16,"precisely,","precisely,",precisely,Content,ADV,0.24617128,0.26511407
15,15Bw17,without,without,without,Function,ADP,0.16966668,0.21842353
15,15Bw18,the,the,the,Function,DET,0.1737726,0.24330384
15,15Bw19,side,side,side,Content,ADJ,0.13104871,0.15584528
15,15Bw20,effects,effects,effects,Content,NOUN,0.30607516,0.3105481
15,15Bw21,of,of,of,Function,ADP,null,null
15,15Bw22,conventional,conventional,conventional,Content,ADJ,0.31613,0.3345205
15,15Bw23,drugs.,drugs.,drugs,Content,NOUN,0.38451892,0.3760702
16,16Aw01,A,A,A,Function,DET,null,null
16,16Aw02,cluster,cluster,cluster,Content,NOUN,null,null
16,16Aw03,of,of,of,Function,ADP,null,null
16,16Aw04,police,police,police,Content,NOUN,0.0676829,0.06768291
16,16Aw05,suicides,suicides,suicides,Content,NOUN,0.23716734,0.23518322
16,16Aw06,has,has,has,Content,AUX,0.10943649,0.107626595
16,16Aw07,prompted,prompted,prompted,Content,VERB,0.15004492,0.15924557
16,16Aw08,leaders,leaders,leaders,Content,NOUN,0.18195789,0.191841
16,16Aw09,to,to,to,Function,PART,null,null
16,16Aw10,plead,plead,plead,Content,VERB,0.10993163,0.11021724
16,16Aw11,with,with,with,Function,ADP,0.21370918,0.24990287
16,16Aw12,troubled,troubled,troubled,Content,ADJ,0.28089643,0.27477792
16,16Aw13,officers,officers,officers,Content,NOUN,0.40919998,0.4176219
16,16Aw14,to,to,to,Function,PART,null,null
16,16Aw15,seek,seek,seek,Content,VERB,0.2638629,0.25092345
16,16Aw16,help.,help.,help,Content,NOUN,0.34128246,0.3516683
16,16Bw01,But,But,But,Function,CCONJ,0.21388732,0.22592388
16,16Bw02,resistance,resistance,resistance,Content,NOUN,0.12416286,0.13379464
16,16Bw03,is,is,is,Content,AUX,0.18914424,0.21454725
16,16Bw04,strong.,strong.,strong,Content,ADJ,0.19807598,0.21277253
17,17Aw01,Positional,Positional,Positional,Content,ADJ,null,null
17,17Aw02,vertigo,vertigo,vertigo,Content,NOUN,0.20656015,0.20656016
17,17Aw03,is,is,is,Content,AUX,0.020383606,0.017857237
17,17Aw04,a,a,a,Function,DET,null,null
17,17Aw05,common,common,common,Content,ADJ,0.16420504,0.18712834
17,17Aw06,type,type,type,Content,NOUN,0.33532187,0.36593738
17,17Aw07,of,of,of,Function,ADP,null,null
17,17Aw08,dizziness,dizziness,dizziness,Content,NOUN,0.44112524,0.3503718
17,17Aw09,that,that,that,Function,PRON,0.23704702,0.30217814
17,17Aw10,can,can,can,Function,AUX,0.21865946,0.30535877
17,17Aw11,be,be,be,Content,AUX,0.16583733,0.2440939
17,17Aw12,treated,treated,treated,Content,VERB,0.2138311,0.22959737
17,17Aw13,with,with,with,Function,ADP,0.25260538,0.2836315
17,17Aw14,a,a,a,Function,DET,null,null
17,17Aw15,simple,simple,simple,Content,ADJ,0.21870905,0.26561663
17,17Aw16,maneuver.,maneuver.,maneuver,Content,NOUN,0.16824408,0.17828193
17,17Bw01,Vertigo,Vertigo,Vertigo,Content,NOUN,0.13653934,0.112018734
17,17Bw02,is,is,is,Content,AUX,0.3060454,0.44241968
17,17Bw03,an,an,an,Function,DET,0.21080169,0.2676972
17,17Bw04,illusory,illusory,illusory,Content,ADJ,0.17310837,0.1857637
17,17Bw05,sensation,sensation,sensation,Content,NOUN,0.3040557,0.25493878
17,17Bw06,of,of,of,Function,ADP,null,null
17,17Bw07,motion,motion,motion,Content,NOUN,0.16728963,0.16289492
17,17Bw08,that,that,that,Function,PRON,0.32971546,0.3931608
17,17Bw09,is,is,is,Content,AUX,0.3781749,0.5329635
17,17Bw10,often,often,often,Content,ADV,0.25039414,0.27180728
17,17Bw11,accompanied,accompanied,accompanied,Content,VERB,0.17027207,0.16058883
17,17Bw12,by,by,by,Function,ADP,0.23257764,0.27847254
17,17Bw13,intense,intense,intense,Content,ADJ,0.28778479,0.28405192
17,17Bw14,nausea.,nausea.,nausea,Content,NOUN,0.43402654,0.342103
18,18Aw01,When,When,When,Content,SCONJ,null,null
18,18Aw02,new,new,new,Content,ADJ,0.1549787,0.1549787
18,18Aw03,breast,breast,breast,Content,NOUN,0.019921586,0.02177588
18,18Aw04,cancer,cancer,cancer,Content,NOUN,0.3806224,0.30208057
18,18Aw05,drugs,drugs,drugs,Content,NOUN,0.20683081,0.20761178
18,18Aw06,come,come,come,Content,VERB,0.12974635,0.17290172
18,18Aw07,to,to,to,Function,ADP,null,null
18,18Aw08,"market,","market,",market,Content,NOUN,0.12591931,0.14256196
18,18Aw09,there,there,there,Content,PRON,0.25019914,0.30316168
18,18Aw10,is,is,is,Content,VERB,0.23321924,0.26608604
18,18Aw11,little,little,little,Content,ADJ,0.3530638,0.41010317
18,18Aw12,data,data,data,Content,NOUN,0.17048526,0.16691074
18,18Aw13,to,to,to,Function,PART,null,null
18,18Aw14,indicate,indicate,indicate,Content,VERB,0.22327767,0.24093251
18,18Aw15,whether,whether,whether,Function,SCONJ,0.2942357,0.3296531
18,18Aw16,they,they,they,Function,PRON,0.41214406,0.45899454
18,18Aw17,are,are,are,Content,AUX,0.36234483,0.4006093
18,18Aw18,safe,safe,safe,Content,ADJ,0.2495934,0.26686585
18,18Aw19,or,or,or,Function,CCONJ,0.33859515,0.35317943
18,18Aw20,effective,effective,effective,Content,ADJ,0.26183087,0.2537925
18,18Aw21,in,in,in,Function,ADP,0.346168,0.37985665
18,18Aw22,men.,men.,men,Content,NOUN,0.21259539,0.20282644
18,18Bw01,Some,Some,Some,Function,DET,0.2076769,0.22394793
18,18Bw02,new,new,new,Content,ADJ,0.3587667,0.41384098
18,18Bw03,drugs,drugs,drugs,Content,NOUN,0.416623,0.36544427
18,18Bw04,are,are,are,Content,AUX,0.46371052,0.50208116
18,18Bw05,approved,approved,approved,Content,VERB,0.21453646,0.21038902
18,18Bw06,only,only,only,Content,ADV,0.36672348,0.40454954
18,18Bw07,for,for,for,Function,ADP,0.41243342,0.4474847
18,18Bw08,women.,women.,women,Content,NOUN,0.348919,0.32763812
19,19Aw01,Polio,Polio,Polio,Content,PROPN,null,null
19,19Aw02,is,is,is,Content,AUX,0.02145109,0.021451095
19,19Aw03,an,an,an,Function,DET,0.09493665,0.20216729
19,19Aw04,infectious,infectious,infectious,Content,ADJ,0.25210634,0.20958501
19,19Aw05,disease,disease,disease,Content,NOUN,0.5388373,0.5036779
19,19Aw06,that,that,that,Function,PRON,0.18445969,0.22858562
19,19Aw07,can,can,can,Function,AUX,0.1651455,0.24030535
19,19Aw08,spread,spread,spread,Content,VERB,0.3014655,0.30506137
19,19Aw09,rapidly,rapidly,rapidly,Content,ADV,0.15141006,0.1877425
19,19Aw10,and,and,and,Function,CCONJ,null,null
19,19Aw11,mainly,mainly,mainly,Content,ADV,0.11471501,0.1407836
19,19Aw12,affects,affects,affects,Content,VERB,0.32116908,0.3608944
19,19Aw13,young,young,young,Content,ADJ,0.23501876,0.24957839
19,19Aw14,children.,children.,children,Content,NOUN,0.30114383,0.30110177
19,19Bw01,It,It,It,Function,PRON,0.24266182,0.25941086
19,19Bw02,can,can,can,Function,AUX,0.24715003,0.27955067
19,19Bw03,cause,cause,cause,Content,VERB,0.32894477,0.33154505
19,19Bw04,muscle,muscle,muscle,Content,NOUN,0.1446437,0.15158056
19,19Bw05,"weakness,","weakness,",weakness,Content,NOUN,0.23428768,0.24602051
19,19Bw06,paralysis,paralysis,paralysis,Content,NOUN,0.39524534,0.36669478
19,19Bw07,"and,","and,",and,Function,CCONJ,null,null
19,19Bw08,on,on,on,Function,ADP,0.13184969,0.15533438
19,19Bw09,rare,rare,rare,Content,ADJ,0.30150747,0.30128002
19,19Bw10,"occasions,","occasions,",occasions,Content,NOUN,0.059645087,0.06494862
19,19Bw11,it,it,it,Function,PRON,0.29522678,0.32219768
19,19Bw12,can,can,can,Function,AUX,0.28508154,0.30956143
19,19Bw13,be,be,be,Content,AUX,0.19725512,0.2307474
19,19Bw14,fatal.,fatal.,fatal,Content,ADJ,0.3665352,0.3548718
20,20Aw01,In,In,In,Function,ADP,null,null
20,20Aw02,"general,","general,",general,Content,ADJ,null,null
20,20Aw03,mammalian,mammalian,mammalian,Content,ADJ,0.0017521817,0.0017521874
20,20Aw04,hearts,hearts,hearts,Content,NOUN,0.053064346,0.069414824
20,20Aw05,are,are,are,Content,AUX,0.1784232,0.19303522
20,20Aw06,quite,quite,quite,Content,ADV,0.19958717,0.21583405
20,20Aw07,malleable.,malleable.,malleable,Content,ADJ,0.32508194,0.3049316
20,20Bw01,They,They,They,Function,PRON,0.2361062,0.24961133
20,20Bw02,change,change,change,Content,VERB,0.2795998,0.29654664
20,20Bw03,in,in,in,Function,ADP,0.19773793,0.22673726
20,20Bw04,response,response,response,Content,NOUN,0.1732097,0.19099414
20,20Bw05,to,to,to,Function,ADP,null,null
20,20Bw06,the,the,the,Function,DET,0.2893507,0.31949914
20,20Bw07,demands,demands,demands,Content,NOUN,0.19917768,0.21135125
20,20Bw08,placed,placed,placed,Content,VERB,0.073492564,0.06910754
20,20Bw09,on,on,on,Function,ADP,0.14719635,0.16591336
20,20Bw10,them.,them.,them,Function,PRON,0.27850828,0.29200956
21,21Aw01,A,A,A,Function,DET,null,null
21,21Aw02,number,number,number,Content,NOUN,null,null
21,21Aw03,of,of,of,Function,ADP,null,null
21,21Aw04,"countries,","countries,",countries,Content,NOUN,0.11219697,0.112196974
21,21Aw05,including,including,including,Content,VERB,0.28227952,0.29199222
21,21Aw06,Australia,Australia,Australia,Content,PROPN,0.3415935,0.30630958
21,21Aw07,and,and,and,Function,CCONJ,null,null
21,21Aw08,"Germany,","Germany,",Germany,Content,PROPN,0.4621803,0.42385718
21,21Aw09,have,have,have,Content,AUX,0.27763844,0.30363953
21,21Aw10,started,started,started,Content,VERB,0.0801411,0.089286335
21,21Aw11,requiring,requiring,requiring,Content,VERB,0.21371187,0.239589
21,21Aw12,companies,companies,companies,Content,NOUN,0.31474417,0.30343705
21,21Aw13,to,to,to,Function,PART,null,null
21,21Aw14,report,report,report,Content,VERB,0.12436345,0.12952615
21,21Aw15,their,their,their,Function,PRON,0.3258811,0.3547172
21,21Aw16,gender,gender,gender,Content,NOUN,0.14387956,0.14693655
21,21Aw17,pay,pay,pay,Content,NOUN,0.23766026,0.24686036
21,21Aw18,gaps,gaps,gaps,Content,NOUN,0.22557741,0.22166574
21,21Aw19,in,in,in,Function,ADP,0.351424,0.3807062
21,21Aw20,recent,recent,recent,Content,ADJ,0.29311278,0.3180307
21,21Aw21,years.,years.,years,Content,NOUN,0.2956499,0.31119174
21,21Bw01,Proponents,Proponents,Proponents,Content,NOUN,0.14153892,0.13360307
21,21Bw02,argue,argue,argue,Content,VERB,0.27962565,0.28117314
21,21Bw03,that,that,that,Function,SCONJ,0.42700255,0.4375058
21,21Bw04,transparency,transparency,transparency,Content,NOUN,0.24201784,0.22728594
21,21Bw05,can,can,can,Function,AUX,0.28463474,0.29027382
21,21Bw06,lead,lead,lead,Content,VERB,0.17008936,0.17702243
21,21Bw07,to,to,to,Function,ADP,null,null
21,21Bw08,improvement.,improvement.,improvement,Content,NOUN,0.21823636,0.2141062
22,22Aw01,An,An,An,Function,DET,null,null
22,22Aw02,extensive,extensive,extensive,Content,ADJ,null,null
22,22Aw03,study,study,study,Content,NOUN,0.12788594,0.12788594
22,22Aw04,confirms,confirms,confirms,Content,VERB,0.21929729,0.21963455
22,22Aw05,that,that,that,Function,SCONJ,0.24879529,0.24857102
22,22Aw06,red,red,red,Content,ADJ,0.026138077,0.026012145
22,22Aw07,meat,meat,meat,Content,NOUN,0.12872913,0.13226828
22,22Aw08,might,might,might,Function,AUX,0.16202855,0.16197383
22,22Aw09,not,not,not,Content,PART,0.20038961,0.20139705
22,22Aw10,be,be,be,Content,AUX,0.18923171,0.22779767
22,22Aw11,that,that,that,Function,ADV,0.4753797,0.5309614
22,22Aw12,bad,bad,bad,Content,ADJ,0.23017225,0.25283414
22,22Aw13,for,for,for,Function,ADP,0.29256195,0.3188219
22,22Aw14,you.,you.,you,Function,PRON,0.27360812,0.3089382
22,22Bw01,But,But,But,Function,CCONJ,0.30757114,0.32941467
22,22Bw02,it,it,it,Function,PRON,0.41050082,0.45599064
22,22Bw03,is,is,is,Content,AUX,0.3660446,0.40279582
22,22Bw04,bad,bad,bad,Content,ADJ,0.46623275,0.46598586
22,22Bw05,for,for,for,Function,ADP,0.33942103,0.3672577
22,22Bw06,the,the,the,Function,DET,0.42830008,0.44889516
22,22Bw07,"planet,","planet,",planet,Content,NOUN,0.16872102,0.17050008
22,22Bw08,with,with,with,Function,SCONJ,0.2775003,0.28851417
22,22Bw09,chicken,chicken,chicken,Content,NOUN,0.2817651,0.25415412
22,22Bw10,and,and,and,Function,CCONJ,null,null
22,22Bw11,pork,pork,pork,Content,NOUN,0.3926736,0.34676746
22,22Bw12,less,less,less,Content,ADV,0.22571176,0.24767731
22,22Bw13,harmful,harmful,harmful,Content,ADJ,0.39302924,0.39707524
22,22Bw14,than,than,than,Function,ADP,0.32269284,0.34929687
22,22Bw15,beef.,beef.,beef,Content,NOUN,0.45008624,0.39272887
23,23Aw01,The,The,The,Function,DET,null,null
23,23Aw02,caterpillar,caterpillar,caterpillar,Content,NOUN,null,null
23,23Aw03,of,of,of,Function,ADP,null,null
23,23Aw04,the,the,the,Function,DET,0.07149162,0.07149163
23,23Aw05,monarch,monarch,monarch,Content,NOUN,0.18348272,0.18348274
23,23Aw06,butterfly,butterfly,butterfly,Content,NOUN,0.383505,0.38559052
23,23Aw07,eats,eats,eats,Content,VERB,0.19530727,0.19589862
23,23Aw08,only,only,only,Content,ADV,0.16884471,0.16879113
23,23Aw09,"milkweed,","milkweed,",milkweed,Content,NOUN,0.5402254,0.49947205
23,23Aw10,a,a,a,Function,DET,null,null
23,23Aw11,poisonous,poisonous,poisonous,Content,ADJ,0.3102678,0.30250347
23,23Aw12,plant,plant,plant,Content,NOUN,0.28241616,0.27143222
23,23Aw13,that,that,that,Function,PRON,0.16508232,0.23216821
23,23Aw14,should,should,should,Function,AUX,0.112869665,0.15527171
23,23Aw15,kill,kill,kill,Content,VERB,0.2451553,0.25833738
23,23Aw16,it.,it.,it,Function,PRON,0.2430014,0.292264
23,23Bw01,The,The,The,Function,DET,0.06086186,0.08672337
23,23Bw02,caterpillars,caterpillars,caterpillars,Content,NOUN,0.6439433,0.6116356
23,23Bw03,thrive,thrive,thrive,Content,VERB,0.26425815,0.26783308
23,23Bw04,on,on,on,Function,ADP,0.08223592,0.10165135
23,23Bw05,the,the,the,Function,DET,0.14865324,0.19586757
23,23Bw06,"plant,","plant,",plant,Content,NOUN,0.44712213,0.4505986
23,23Bw07,even,even,even,Content,ADV,0.16923612,0.22330415
23,23Bw08,storing,storing,storing,Content,VERB,0.19426803,0.20472157
23,23Bw09,its,its,its,Function,PRON,0.14554825,0.1762527
23,23Bw10,toxins,toxins,toxins,Content,NOUN,0.3753904,0.36582574
23,23Bw11,in,in,in,Function,ADP,0.14630678,0.19477479
23,23Bw12,their,their,their,Function,PRON,0.14265013,0.18167514
23,23Bw13,bodies,bodies,bodies,Content,NOUN,0.17626554,0.18231218
23,23Bw14,as,as,as,Function,ADP,0.14787139,0.19627807
23,23Bw15,a,a,a,Function,DET,null,null
23,23Bw16,defense,defense,defense,Content,NOUN,0.071633555,0.08986589
23,23Bw17,against,against,against,Function,ADP,0.15602724,0.19323766
23,23Bw18,hungry,hungry,hungry,Content,ADJ,0.26866794,0.28697628
23,23Bw19,birds.,birds.,birds,Content,NOUN,0.5012162,0.47181192
24,24Aw01,A,A,A,Function,DET,null,null
24,24Aw02,decline,decline,decline,Content,NOUN,null,null
24,24Aw03,in,in,in,Function,ADP,0.16571759,0.16571759
24,24Aw04,income,income,income,Content,NOUN,0.22446299,0.22446299
24,24Aw05,in,in,in,Function,ADP,0.15339138,0.15419394
24,24Aw06,young,young,young,Content,ADJ,0.06465753,0.06379076
24,24Aw07,adulthood,adulthood,adulthood,Content,NOUN,0.31195432,0.34691465
24,24Aw08,may,may,may,Function,AUX,0.19685084,0.19581418
24,24Aw09,lead,lead,lead,Content,VERB,0.10878986,0.108536646
24,24Aw10,to,to,to,Function,ADP,null,null
24,24Aw11,poorer,poorer,poorer,Content,ADJ,0.3620187,0.35883746
24,24Aw12,cognitive,cognitive,cognitive,Content,ADJ,0.3377083,0.3177069
24,24Aw13,ability,ability,ability,Content,NOUN,0.19656743,0.19179812
24,24Aw14,in,in,in,Function,ADP,0.16224262,0.18433402
24,24Aw15,middle,middle,middle,Content,ADJ,0.2594991,0.28297743
24,24Aw16,age.,age.,age,Content,NOUN,0.47578326,0.4735166
24,24Bw01,Income,Income,Income,Content,NOUN,0.2412747,0.22839665
24,24Bw02,reductions,reductions,reductions,Content,NOUN,0.27676788,0.2677073
24,24Bw03,are,are,are,Content,AUX,0.20297922,0.21064611
24,24Bw04,also,also,also,Content,ADV,0.17090368,0.19100396
24,24Bw05,linked,linked,linked,Content,VERB,0.19568738,0.20955312
24,24Bw06,to,to,to,Function,ADP,null,null
24,24Bw07,changes,changes,changes,Content,NOUN,0.3094872,0.30817732
24,24Bw08,in,in,in,Function,ADP,0.26275578,0.2986878
24,24Bw09,brain,brain,brain,Content,NOUN,0.33762008,0.3127369
24,24Bw10,structure,structure,structure,Content,NOUN,0.23930208,0.2454423
24,24Bw11,that,that,that,Function,PRON,0.37340215,0.41309682
24,24Bw12,suggest,suggest,suggest,Content,VERB,0.26117662,0.26857874
24,24Bw13,premature,premature,premature,Content,ADJ,0.25666118,0.2510654
24,24Bw14,"aging,","aging,",aging,Content,NOUN,0.37203768,0.37715626
24,24Bw15,researchers,researchers,researchers,Content,NOUN,0.3298562,0.314656
24,24Bw16,report.,report.,report,Content,VERB,0.21522476,0.21707281
25,25Aw01,Many,Many,Many,Content,ADJ,null,null
25,25Aw02,patients,patients,patients,Content,NOUN,0.12208822,0.12208822
25,25Aw03,with,with,with,Function,ADP,0.14828965,0.16044661
25,25Aw04,the,the,the,Function,DET,0.1361334,0.17165816
25,25Aw05,mysterious,mysterious,mysterious,Content,ADJ,0.050489362,0.07282216
25,25Aw06,illness,illness,illness,Content,NOUN,0.30459216,0.28706512
25,25Aw07,have,have,have,Content,AUX,0.22343712,0.26993105
25,25Aw08,wound,wound,wound,Content,VERB,0.1983084,0.17910087
25,25Aw09,up,up,up,Function,ADP,0.08525436,0.1115637
25,25Aw10,hospitalized,hospitalized,hospitalized,Content,VERB,0.39236218,0.34671485
25,25Aw11,in,in,in,Function,ADP,0.21941666,0.2623152
25,25Aw12,intensive,intensive,intensive,Content,ADJ,0.15761977,0.15930733
25,25Aw13,care,care,care,Content,NOUN,0.3705582,0.3726276
25,25Aw14,"units,","units,",units,Content,NOUN,0.13382292,0.13917445
25,25Aw15,needing,needing,needing,Content,VERB,0.33096293,0.34848577
25,25Aw16,ventilators,ventilators,ventilators,Content,NOUN,0.41124353,0.3909823
25,25Aw17,or,or,or,Function,CCONJ,0.23939739,0.28361595
25,25Aw18,even,even,even,Content,ADV,0.30368522,0.3687777
25,25Aw19,more,more,more,Content,ADV,0.2563485,0.31862527
25,25Aw20,desperate,desperate,desperate,Content,ADJ,0.26157102,0.27881634
25,25Aw21,measures,measures,measures,Content,NOUN,0.20741694,0.2056824
25,25Aw22,to,to,to,Function,PART,null,null
25,25Aw23,help,help,help,Content,VERB,0.3274575,0.36285913
25,25Aw24,them,them,them,Function,PRON,0.40817934,0.4598523
25,25Aw25,breathe.,breathe.,breathe,Content,VERB,0.31507614,0.3053883
25,25Bw01,Most,Most,Most,Content,ADJ,0.2332597,0.28119132
25,25Bw02,are,are,are,Content,AUX,0.32261768,0.37504372
25,25Bw03,"young,","young,",young,Content,ADJ,0.32470337,0.33937964
25,25Bw04,male,male,male,Content,ADJ,0.18747295,0.20217757
25,25Bw05,adults,adults,adults,Content,NOUN,0.3414188,0.34482056
25,25Bw06,or,or,or,Function,CCONJ,0.3171853,0.35767928
25,25Bw07,even,even,even,Content,ADV,0.44851917,0.5288545
25,25Bw08,teenagers.,teenagers.,teenagers,Content,NOUN,0.379179,0.36921948
26,26Aw01,The,The,The,Function,DET,null,null
26,26Aw02,ground,ground,ground,Content,NOUN,null,null
26,26Aw03,around,around,around,Function,ADP,0.16696368,0.1669637
26,26Aw04,the,the,the,Function,DET,0.1665976,0.16659762
26,26Aw05,building,building,building,Content,NOUN,0.21672124,0.21672127
26,26Aw06,slopes,slopes,slopes,Content,VERB,0.2358501,0.2327472
26,26Aw07,away.,away.,away,Content,ADV,0.16717303,0.17888537
26,26Bw01,That,That,That,Function,PRON,0.14985222,0.16501848
26,26Bw02,allows,allows,allows,Content,VERB,0.052825548,0.05719031
26,26Bw03,the,the,the,Function,DET,0.26014736,0.28596085
26,26Bw04,classroom,classroom,classroom,Content,NOUN,0.22715324,0.2417857
26,26Bw05,windows,windows,windows,Content,NOUN,0.31480986,0.31920666
26,26Bw06,to,to,to,Function,PART,null,null
26,26Bw07,be,be,be,Content,AUX,0.11333569,0.12568827
26,26Bw08,low,low,low,Content,ADJ,0.19062044,0.19698653
26,26Bw09,enough,enough,enough,Content,ADV,0.2552669,0.27048814
26,26Bw10,for,for,for,Function,SCONJ,0.29556602,0.32517835
26,26Bw11,children,children,children,Content,NOUN,0.2476073,0.23478407
26,26Bw12,to,to,to,Function,PART,null,null
26,26Bw13,see,see,see,Content,VERB,0.2782944,0.29565758
26,26Bw14,out,out,out,Function,ADP,0.37560457,0.40514714
26,26Bw15,while,while,while,Function,SCONJ,0.26913786,0.2823671
26,26Bw16,still,still,still,Content,ADV,0.3522333,0.39308906
26,26Bw17,being,being,being,Content,AUX,0.28375027,0.3149615
26,26Bw18,high,high,high,Content,ADV,0.36845684,0.3664665
26,26Bw19,above,above,above,Function,ADP,0.3935018,0.4028295
26,26Bw20,the,the,the,Function,DET,0.37779802,0.41328746
26,26Bw21,ground.,ground.,ground,Content,NOUN,0.43445724,0.4349658
27,27Aw01,A,A,A,Function,DET,null,null
27,27Aw02,surge,surge,surge,Content,NOUN,null,null
27,27Aw03,of,of,of,Function,ADP,null,null
27,27Aw04,oil,oil,oil,Content,NOUN,0.19440253,0.19440252
27,27Aw05,production,production,production,Content,NOUN,0.19261394,0.19134957
27,27Aw06,is,is,is,Content,AUX,0.10760529,0.10841617
27,27Aw07,"coming,","coming,",coming,Content,VERB,0.2260154,0.23268047
27,27Aw08,whether,whether,whether,Function,SCONJ,0.19663824,0.21071233
27,27Aw09,the,the,the,Function,DET,0.35108015,0.38149032
27,27Aw10,world,world,world,Content,NOUN,0.24183375,0.2539679
27,27Aw11,needs,needs,needs,Content,VERB,0.24872889,0.28518644
27,27Aw12,it,it,it,Function,PRON,0.37650192,0.3933562
27,27Aw13,or,or,or,Function,CCONJ,0.1929445,0.2055453
27,27Aw14,not.,not.,not,Content,PART,0.31264266,0.33452323
27,27Bw01,The,The,The,Function,DET,0.13546999,0.14404634
27,27Bw02,flood,flood,flood,Content,NOUN,0.24796419,0.23397024
27,27Bw03,of,of,of,Function,ADP,null,null
27,27Bw04,crude,crude,crude,Content,NOUN,0.36125258,0.32184595
27,27Bw05,will,will,will,Function,AUX,0.31876716,0.38494986
27,27Bw06,arrive,arrive,arrive,Content,VERB,0.20531043,0.22979371
27,27Bw07,even,even,even,Content,ADV,0.3648329,0.4073671
27,27Bw08,as,as,as,Function,SCONJ,0.2868699,0.32271442
27,27Bw09,concerns,concerns,concerns,Content,NOUN,0.19975986,0.20503037
27,27Bw10,about,about,about,Function,ADP,0.3043799,0.33494586
27,27Bw11,climate,climate,climate,Content,NOUN,0.26318172,0.2653308
27,27Bw12,change,change,change,Content,NOUN,0.3110725,0.3325873
27,27Bw13,are,are,are,Content,AUX,0.36289325,0.40374213
27,27Bw14,growing,growing,growing,Content,VERB,0.31093198,0.32463259
27,27Bw15,and,and,and,Function,CCONJ,null,null
27,27Bw16,worldwide,worldwide,worldwide,Content,ADJ,0.25812602,0.264342
27,27Bw17,oil,oil,oil,Content,NOUN,0.47951874,0.41788262
27,27Bw18,demand,demand,demand,Content,NOUN,0.47131908,0.4502968
27,27Bw19,is,is,is,Content,AUX,0.40317905,0.4633699
27,27Bw20,slowing.,slowing.,slowing,Content,VERB,0.38883483,0.38909814
28,28Aw01,Farmers,Farmers,Farmers,Content,NOUN,null,null
28,28Aw02,and,and,and,Function,CCONJ,null,null
28,28Aw03,plant,plant,plant,Content,NOUN,0.25145626,0.25145626
28,28Aw04,breeders,breeders,breeders,Content,NOUN,0.4116391,0.40982306
28,28Aw05,are,are,are,Content,AUX,0.12477747,0.12312607
28,28Aw06,in,in,in,Function,ADP,0.12862298,0.15032637
28,28Aw07,a,a,a,Function,DET,null,null
28,28Aw08,race,race,race,Content,NOUN,0.12208593,0.11486588
28,28Aw09,against,against,against,Function,ADP,0.14571705,0.16313195
28,28Aw10,time.,time.,time,Content,NOUN,0.1370579,0.15953858
28,28Bw01,The,The,The,Function,DET,0.03170177,0.04167865
28,28Bw02,world,world,world,Content,NOUN,0.14152348,0.18033098
28,28Bw03,population,population,population,Content,NOUN,0.27778584,0.2799694
28,28Bw04,is,is,is,Content,AUX,0.28151038,0.33491758
28,28Bw05,growing,growing,growing,Content,VERB,0.30955306,0.30777526
28,28Bw06,"rapidly,","rapidly,",rapidly,Content,ADV,0.28970122,0.3063125
28,28Bw07,requiring,requiring,requiring,Content,VERB,0.13600214,0.14830297
28,28Bw08,ever,ever,ever,Content,ADV,0.29013646,0.33619666
28,28Bw09,more,more,more,Content,ADJ,0.29286698,0.31830418
28,28Bw10,"food,","food,",food,Content,NOUN,0.29943645,0.28577805
28,28Bw11,but,but,but,Function,CCONJ,0.33207107,0.3652434
28,28Bw12,the,the,the,Function,DET,0.3554097,0.39646077
28,28Bw13,amount,amount,amount,Content,NOUN,0.2973046,0.32022008
28,28Bw14,of,of,of,Function,ADP,null,null
28,28Bw15,cultivable,cultivable,cultivable,Content,ADJ,0.31007874,0.27223977
28,28Bw16,land,land,land,Content,NOUN,0.35236216,0.32194304
28,28Bw17,is,is,is,Content,AUX,0.3915489,0.4585942
28,28Bw18,limited.,limited.,limited,Content,VERB,0.20345514,0.21758081
29,29Aw01,Two,Two,Two,Function,NUM,null,null
29,29Aw02,young,young,young,Content,ADJ,null,null
29,29Aw03,black,black,black,Content,ADJ,0.28996396,0.28996396
29,29Aw04,women,women,women,Content,NOUN,0.42305896,0.4304772
29,29Aw05,face,face,face,Content,VERB,0.16414987,0.16603692
29,29Aw06,futures,futures,futures,Content,NOUN,0.12631404,0.13055894
29,29Aw07,made,made,made,Content,VERB,0.07993408,0.081083
29,29Aw08,precarious,precarious,precarious,Content,ADJ,0.14658174,0.1427303
29,29Aw09,by,by,by,Function,ADP,0.12164455,0.1308344
29,29Aw10,sudden,sudden,sudden,Content,ADJ,0.2566703,0.25918046
29,29Aw11,violence,violence,violence,Content,NOUN,0.2220566,0.21686704
29,29Aw12,wrought,wrought,wrought,Content,VERB,0.2321393,0.24078429
29,29Aw13,by,by,by,Function,ADP,0.14300992,0.1501942
29,29Aw14,men,men,men,Content,NOUN,0.43154135,0.46166205
29,29Aw15,in,in,in,Function,ADP,0.3408742,0.35402948
29,29Aw16,their,their,their,Function,PRON,0.31333658,0.3195783
29,29Aw17,lives.,lives.,lives,Content,NOUN,0.31215757,0.3148242
29,29Bw01,One,One,One,Function,NUM,0.13771205,0.1529603
29,29Bw02,is,is,is,Content,AUX,0.16136017,0.17189264
29,29Bw03,a,a,a,Function,DET,null,null
29,29Bw04,shy,shy,shy,Content,ADJ,0.20731887,0.21027109
29,29Bw05,Florida,Florida,Florida,Content,PROPN,0.09280783,0.09418391
29,29Bw06,high,high,high,Content,ADJ,0.2098894,0.20478544
29,29Bw07,schooler,schooler,schooler,Content,NOUN,0.21862413,0.227242
29,29Bw08,struggling,struggling,struggling,Content,VERB,0.33524436,0.34180054
29,29Bw09,to,to,to,Function,PART,null,null
29,29Bw10,find,find,find,Content,VERB,0.1998923,0.21857005
29,29Bw11,solace,solace,solace,Content,NOUN,0.26520702,0.26458716
29,29Bw12,as,as,as,Function,SCONJ,0.24178758,0.25038317
29,29Bw13,her,her,her,Function,PRON,0.31744212,0.31348568
29,29Bw14,family,family,family,Content,NOUN,0.26851904,0.27068743
29,29Bw15,tears,tears,tears,Content,VERB,0.24311836,0.24133453
29,29Bw16,itself,itself,itself,Function,PRON,0.1878777,0.19627415
29,29Bw17,apart.,apart.,apart,Content,ADV,0.23832144,0.23165238
30,30Aw01,One,One,One,Function,NUM,null,null
30,30Aw02,benefit,benefit,benefit,Content,NOUN,null,null
30,30Aw03,of,of,of,Function,ADP,null,null
30,30Aw04,discovery,discovery,discovery,Content,NOUN,-0.013700437,-0.013700441
30,30Aw05,is,is,is,Content,AUX,0.19075625,0.20173626
30,30Aw06,that,that,that,Function,SCONJ,0.33220062,0.33976603
30,30Aw07,you,you,you,Function,PRON,0.12121246,0.15434684
30,30Aw08,get,get,get,Content,VERB,0.15658432,0.19514354
30,30Aw09,to,to,to,Function,PART,null,null
30,30Aw10,name,name,name,Content,VERB,0.13362002,0.14106558
30,30Aw11,the,the,the,Function,DET,0.35405052,0.3700332
30,30Aw12,things,things,things,Content,NOUN,0.26566327,0.29129598
30,30Aw13,you,you,you,Function,PRON,0.3602115,0.38969243
30,30Aw14,discovered.,discovered.,discovered,Content,VERB,0.30591163,0.2532371
30,30Bw01,Astronomy,Astronomy,Astronomy,Content,NOUN,0.13890249,0.12907974
30,30Bw02,is,is,is,Content,AUX,0.42559743,0.51034164
30,30Bw03,blessed,blessed,blessed,Content,VERB,0.25997576,0.2579009
30,30Bw04,in,in,in,Function,ADP,0.27695158,0.29293895
30,30Bw05,this,this,this,Function,DET,0.3969645,0.4295735
30,30Bw06,regard.,regard.,regard,Content,NOUN,0.2776585,0.28648221
31,31Aw01,On,On,On,Function,ADP,null,null
31,31Aw02,bright,bright,bright,Content,ADJ,null,null
31,31Aw03,mornings,mornings,mornings,Content,NOUN,0.14079098,0.140791
31,31Aw04,in,in,in,Function,ADP,0.10603042,0.11088765
31,31Aw05,the,the,the,Function,DET,0.03614962,0.04114741
31,31Aw06,"tropics,","tropics,",tropics,Content,NOUN,0.1705268,0.1674536
31,31Aw07,crocodiles,crocodiles,crocodiles,Content,NOUN,0.19869927,0.18275568
31,31Aw08,haul,haul,haul,Content,VERB,0.10253482,0.10200378
31,31Aw09,themselves,themselves,themselves,Function,PRON,0.08497835,0.09096253
31,31Aw10,out,out,out,Function,ADP,0.09084948,0.09565373
31,31Aw11,of,of,of,Function,ADP,null,null
31,31Aw12,the,the,the,Function,DET,0.08420365,0.09249661
31,31Aw13,water,water,water,Content,NOUN,0.31359753,0.29707274
31,31Aw14,to,to,to,Function,PART,null,null
31,31Aw15,bask,bask,bask,Content,VERB,0.20473939,0.21293306
31,31Aw16,in,in,in,Function,ADP,0.11394597,0.12271443
31,31Aw17,the,the,the,Function,DET,0.14167893,0.15171152
31,31Aw18,sun.,sun.,sun,Content,NOUN,0.49171594,0.49813825
31,31Bw01,Like,Like,Like,Function,ADP,0.1360933,0.13786986
31,31Bw02,other,other,other,Content,ADJ,0.1027204,0.10876758
31,31Bw03,"reptiles,","reptiles,",reptiles,Content,NOUN,0.41603443,0.3799928
31,31Bw04,they,they,they,Function,PRON,0.27360788,0.30456933
31,31Bw05,rely,rely,rely,Content,VERB,0.1534105,0.17877951
31,31Bw06,on,on,on,Function,ADP,0.15339942,0.17681645
31,31Bw07,its,its,its,Function,PRON,0.08192849,0.09496287
31,31Bw08,warmth,warmth,warmth,Content,NOUN,0.41310948,0.40547708
31,31Bw09,to,to,to,Function,PART,null,null
31,31Bw10,help,help,help,Content,VERB,0.17729613,0.20625512
31,31Bw11,fuel,fuel,fuel,Content,VERB,0.23435207,0.25305066
31,31Bw12,their,their,their,Function,PRON,0.2616705,0.29199892
31,31Bw13,metabolisms.,metabolisms.,metabolisms,Content,NOUN,0.33576387,0.3261382
32,32Aw01,Elephants,Elephants,Elephants,Content,NOUN,null,null
32,32Aw02,keep,keep,keep,Content,AUX,0.04774337,0.04774337
32,32Aw03,surprising,surprising,surprising,Content,VERB,0.01975499,0.021631325
32,32Aw04,us.,us.,us,Function,PRON,0.18674001,0.1942
32,32Bw01,They,They,They,Function,PRON,0.19624959,0.19478106
32,32Bw02,live,live,live,Content,VERB,0.22678463,0.22224332
32,32Bw03,complex,complex,complex,Content,ADJ,0.15976812,0.1668557
32,32Bw04,social,social,social,Content,ADJ,0.21825549,0.22381856
32,32Bw05,"lives,","lives,",lives,Content,NOUN,0.26142994,0.27576193
32,32Bw06,"cooperate,","cooperate,",cooperate,Content,VERB,0.15996943,0.1645943
32,32Bw07,show,show,show,Content,VERB,0.29601452,0.30829272
32,32Bw08,altruism,altruism,altruism,Content,NOUN,0.2875116,0.28654483
32,32Bw09,and,and,and,Function,CCONJ,null,null
32,32Bw10,grieve,grieve,grieve,Content,VERB,0.30043414,0.29169706
32,32Bw11,their,their,their,Function,PRON,0.3058356,0.32064158
32,32Bw12,dead.,dead.,dead,Content,NOUN,0.24880134,0.23217015
33,33Aw01,The,The,The,Function,DET,null,null
33,33Aw02,overwhelming,overwhelming,overwhelming,Content,ADJ,null,null
33,33Aw03,majority,majority,majority,Content,NOUN,0.27499515,0.27499515
33,33Aw04,of,of,of,Function,ADP,null,null
33,33Aw05,snails,snails,snails,Content,NOUN,0.035804365,0.03254584
33,33Aw06,live,live,live,Content,VERB,0.19907928,0.1941374
33,33Aw07,in,in,in,Function,ADP,0.23824853,0.24917209
33,33Aw08,shells,shells,shells,Content,NOUN,0.21901274,0.19269256
33,33Aw09,that,that,that,Function,PRON,0.29133743,0.31465358
33,33Aw10,coil,coil,coil,Content,VERB,0.1625311,0.15647618
33,33Aw11,to,to,to,Function,ADP,null,null
33,33Aw12,the,the,the,Function,DET,0.20932356,0.22818157
33,33Aw13,right.,right.,right,Content,NOUN,0.1787297,0.19818138
33,33Bw01,But,But,But,Function,CCONJ,0.15601788,0.18579438
33,33Bw02,occasionally,occasionally,occasionally,Content,ADV,0.24249111,0.24279888
33,33Bw03,some,some,some,Function,PRON,0.3352849,0.3768922
33,33Bw04,are,are,are,Content,AUX,0.2639101,0.28739282
33,33Bw05,born,born,born,Content,VERB,0.09618143,0.10471654
33,33Bw06,with,with,with,Function,ADP,0.19665918,0.22013265
33,33Bw07,shells,shells,shells,Content,NOUN,0.4847743,0.4245634
33,33Bw08,that,that,that,Function,PRON,0.31344575,0.35685748
33,33Bw09,turn,turn,turn,Content,VERB,0.14978245,0.182973
33,33Bw10,the,the,the,Function,DET,0.29343346,0.3322573
33,33Bw11,other,other,other,Content,ADJ,0.26860252,0.30480894
33,33Bw12,way.,way.,way,Content,NOUN,0.2367333,0.28621194
34,34Aw01,To,To,To,Function,PART,null,null
34,34Aw02,visit,visit,visit,Content,VERB,null,null
34,34Aw03,Venezuela,Venezuela,Venezuela,Content,PROPN,0.021591822,0.021591827
34,34Aw04,today,today,today,Content,NOUN,0.097607344,0.100911565
34,34Aw05,is,is,is,Content,AUX,0.15875338,0.20364015
34,34Aw06,to,to,to,Function,PART,null,null
34,34Aw07,see,see,see,Content,VERB,0.32747275,0.35007995
34,34Aw08,how,how,how,Content,SCONJ,0.2673553,0.28557298
34,34Aw09,misrule,misrule,misrule,Content,NOUN,0.14875649,0.12674819
34,34Aw10,can,can,can,Function,AUX,0.35474402,0.41245875
34,34Aw11,shatter,shatter,shatter,Content,VERB,0.09842351,0.09118382
34,34Aw12,a,a,a,Function,DET,null,null
34,34Aw13,country.,country.,country,Content,NOUN,0.37305996,0.35213873
34,34Bw01,Years,Years,Years,Content,NOUN,0.15180577,0.13471432
34,34Bw02,of,of,of,Function,ADP,null,null
34,34Bw03,"corrupt,","corrupt,",corrupt,Content,ADJ,0.29823583,0.25557712
34,34Bw04,incompetent,incompetent,incompetent,Content,ADJ,0.29938996,0.26723155
34,34Bw05,and,and,and,Function,CCONJ,null,null
34,34Bw06,autocratic,autocratic,autocratic,Content,ADJ,0.42906848,0.3666846
34,34Bw07,rule,rule,rule,Content,NOUN,0.3387991,0.32408348
34,34Bw08,have,have,have,Content,AUX,0.3161754,0.3681116
34,34Bw09,left,left,left,Content,VERB,0.23295386,0.2341373
34,34Bw10,Venezuelans,Venezuelans,Venezuelans,Content,PROPN,0.32627916,0.29681084
34,34Bw11,hungry,hungry,hungry,Content,ADJ,0.2948719,0.3024329
34,34Bw12,and,and,and,Function,CCONJ,null,null
34,34Bw13,children,children,children,Content,NOUN,0.24001071,0.24432546
34,34Bw14,dying,dying,dying,Content,VERB,0.29761356,0.31387526
34,34Bw15,for,for,for,Function,ADP,0.29834205,0.3514255
34,34Bw16,want,want,want,Content,NOUN,0.38240352,0.43069613
34,34Bw17,of,of,of,Function,ADP,null,null
34,34Bw18,basic,basic,basic,Content,ADJ,0.22808157,0.23828205
34,34Bw19,medical,medical,medical,Content,ADJ,0.19820067,0.2100938
34,34Bw20,care.,care.,care,Content,NOUN,0.35721096,0.37964728
35,35Aw01,California,California,California,Content,PROPN,null,null
35,35Aw02,has,has,has,Content,AUX,0.06296304,0.062963046
35,35Aw03,positioned,positioned,positioned,Content,VERB,0.044873357,0.045325868
35,35Aw04,itself,itself,itself,Function,PRON,0.19465381,0.21216491
35,35Aw05,as,as,as,Function,ADP,0.2650964,0.2602723
35,35Aw06,a,a,a,Function,DET,null,null
35,35Aw07,leader,leader,leader,Content,NOUN,0.20227194,0.20806748
35,35Aw08,in,in,in,Function,ADP,0.25705042,0.2777001
35,35Aw09,the,the,the,Function,DET,0.30224502,0.3153332
35,35Aw10,fight,fight,fight,Content,NOUN,0.08467639,0.0914861
35,35Aw11,against,against,against,Function,ADP,0.25584364,0.2631828
35,35Aw12,climate,climate,climate,Content,NOUN,0.15396564,0.15232867
35,35Aw13,change.,change.,change,Content,NOUN,0.191172,0.2020805
35,35Bw01,It,It,It,Function,PRON,0.22751224,0.2353441
35,35Bw02,leads,leads,leads,Content,VERB,0.16641216,0.17171802
35,35Bw03,the,the,the,Function,DET,0.39072785,0.40060052
35,35Bw04,nation,nation,nation,Content,NOUN,0.323008,0.3240551
35,35Bw05,by,by,by,Function,ADP,0.14675045,0.17424811
35,35Bw06,far,far,far,Content,ADV,0.2601145,0.27105743
35,35Bw07,in,in,in,Function,ADP,0.36413684,0.37547332
35,35Bw08,solar,solar,solar,Content,ADJ,0.22515862,0.2143092
35,35Bw09,power.,power.,power,Content,NOUN,0.3185758,0.30216673
36,36Aw01,This,This,This,Function,PRON,null,null
36,36Aw02,has,has,has,Content,AUX,null,null
36,36Aw03,been,been,been,Content,AUX,0.60107934,0.6010794
36,36Aw04,a,a,a,Function,DET,null,null
36,36Aw05,golden,golden,golden,Content,ADJ,0.026717061,0.027043808
36,36Aw06,age,age,age,Content,NOUN,0.15781769,0.14077236
36,36Aw07,for,for,for,Function,ADP,0.31638333,0.33196262
36,36Aw08,brain,brain,brain,Content,NOUN,0.16386959,0.15589301
36,36Aw09,research.,research.,research,Content,NOUN,0.16200547,0.14918086
36,36Bw01,We,We,We,Function,PRON,0.09330757,0.11567968
36,36Bw02,now,now,now,Content,ADV,0.37520966,0.4125385
36,36Bw03,have,have,have,Content,VERB,0.4499397,0.52000064
36,36Bw04,amazing,amazing,amazing,Content,ADJ,0.27477157,0.26838303
36,36Bw05,brain,brain,brain,Content,NOUN,0.5179139,0.4116005
36,36Bw06,scans,scans,scans,Content,NOUN,0.23478258,0.20820129
36,36Bw07,that,that,that,Function,PRON,0.4030492,0.45509276
36,36Bw08,show,show,show,Content,VERB,0.1951265,0.20787491
36,36Bw09,which,which,which,Function,DET,0.19210254,0.22451541
36,36Bw10,networks,networks,networks,Content,NOUN,0.18497708,0.18065499
36,36Bw11,in,in,in,Function,ADP,0.28137887,0.33104533
36,36Bw12,the,the,the,Function,DET,0.2852068,0.33978158
36,36Bw13,brain,brain,brain,Content,NOUN,0.6740515,0.56145334
36,36Bw14,ramp,ramp,ramp,Content,VERB,0.11589765,0.1324184
36,36Bw15,up,up,up,Content,ADP,0.19868319,0.22268377
36,36Bw16,during,during,during,Function,ADP,0.17825906,0.2038402
36,36Bw17,different,different,different,Content,ADJ,0.28347883,0.30952084
36,36Bw18,activities.,activities.,activities,Content,NOUN,0.14643474,0.14937311
37,37Aw01,Student,Student,Student,Content,NOUN,null,null
37,37Aw02,debt,debt,debt,Content,NOUN,0.046557136,0.046557136
37,37Aw03,is,is,is,Content,AUX,0.12176258,0.11940101
37,37Aw04,"spiraling,","spiraling,",spiraling,Content,VERB,0.18975745,0.17067057
37,37Aw05,and,and,and,Function,CCONJ,null,null
37,37Aw06,young,young,young,Content,ADJ,0.18812563,0.2028557
37,37Aw07,people,people,people,Content,NOUN,0.29859576,0.32096538
37,37Aw08,are,are,are,Content,AUX,0.2986715,0.3580617
37,37Aw09,defaulting,defaulting,defaulting,Content,VERB,0.32034934,0.26491606
37,37Aw10,on,on,on,Function,ADP,0.1376869,0.15388508
37,37Aw11,their,their,their,Function,PRON,0.23613143,0.25497848
37,37Aw12,loans.,loans.,loans,Content,NOUN,0.42000055,0.36298192
37,37Bw01,You,You,You,Function,PRON,0.19981243,0.23042363
37,37Bw02,might,might,might,Function,AUX,0.25249612,0.2951466
37,37Bw03,think,think,think,Content,VERB,0.2641336,0.3112789
37,37Bw04,that,that,that,Function,SCONJ,0.3567408,0.3983826
37,37Bw05,students,students,students,Content,NOUN,0.37848476,0.40499523
37,37Bw06,would,would,would,Function,AUX,0.2849281,0.3151528
37,37Bw07,be,be,be,Content,AUX,0.29617313,0.34887892
37,37Bw08,better,better,better,Content,ADJ,0.229556,0.25573602
37,37Bw09,off,off,off,Function,ADP,0.18102132,0.18495668
37,37Bw10,scraping,scraping,scraping,Content,VERB,0.12220873,0.110787876
37,37Bw11,by,by,by,Function,ADP,0.1899267,0.2206458
37,37Bw12,with,with,with,Function,ADP,0.22109061,0.2480367
37,37Bw13,no,no,no,Function,DET,0.2614446,0.28869978
37,37Bw14,loans,loans,loans,Content,NOUN,0.53754085,0.4487328
37,37Bw15,at,at,at,Function,ADV,0.17990887,0.20597988
37,37Bw16,all.,all.,all,Function,ADV,0.3293185,0.3719353
38,38Aw01,The,The,The,Function,DET,null,null
38,38Aw02,bombs,bombs,bombs,Content,NOUN,null,null
38,38Aw03,smashed,smashed,smashed,Content,VERB,0.11593033,0.115930334
38,38Aw04,into,into,into,Function,ADP,0.13598333,0.13939187
38,38Aw05,a,a,a,Function,DET,null,null
38,38Aw06,child,child,child,Content,NOUN,0.086928375,0.0850694
38,38Aw07,care,care,care,Content,NOUN,0.15192944,0.18401521
38,38Aw08,"center,","center,",center,Content,NOUN,0.14624032,0.1609501
38,38Aw09,a,a,a,Function,DET,null,null
38,38Aw10,refugee,refugee,refugee,Content,NOUN,0.26652506,0.28851
38,38Aw11,camp,camp,camp,Content,NOUN,0.29786563,0.30869952
38,38Aw12,and,and,and,Function,CCONJ,null,null
38,38Aw13,a,a,a,Function,DET,null,null
38,38Aw14,school.,school.,school,Content,NOUN,0.3561285,0.36907023
38,38Bw01,They,They,They,Function,PRON,0.22848816,0.23085359
38,38Bw02,destroyed,destroyed,destroyed,Content,VERB,0.34917364,0.32595542
38,38Bw03,makeshift,makeshift,makeshift,Content,ADJ,0.41450602,0.4007149
38,38Bw04,clinics,clinics,clinics,Content,NOUN,0.39745405,0.418082
38,38Bw05,and,and,and,Function,CCONJ,null,null
38,38Bw06,"hospitals,","hospitals,",hospitals,Content,NOUN,0.40111163,0.4061652
38,38Bw07,disabling,disabling,disabling,Content,VERB,0.20997265,0.2012837
38,38Bw08,essential,essential,essential,Content,ADJ,0.1643954,0.16450788
38,38Bw09,services,services,services,Content,NOUN,0.28397018,0.3007761
38,38Bw10,for,for,for,Function,ADP,0.20703204,0.2227705
38,38Bw11,tens,tens,tens,Content,NOUN,0.27054858,0.2664251
38,38Bw12,of,of,of,Function,ADP,null,null
38,38Bw13,thousands,thousands,thousands,Content,NOUN,0.36388636,0.37879702
38,38Bw14,of,of,of,Function,ADP,null,null
38,38Bw15,people.,people.,people,Content,NOUN,0.39098996,0.39099896
39,39Aw01,To,To,To,Function,PART,null,null
39,39Aw02,make,make,make,Content,VERB,null,null
39,39Aw03,it,it,it,Function,PRON,0.31155688,0.31155685
39,39Aw04,to,to,to,Function,ADP,null,null
39,39Aw05,the,the,the,Function,DET,0.22223929,0.22223929
39,39Aw06,big,big,big,Content,ADJ,0.3178562,0.3178562
39,39Aw07,"game,","game,",game,Content,NOUN,0.15560044,0.15430996
39,39Aw08,the,the,the,Function,DET,0.30383694,0.3084325
39,39Aw09,Saudi,Saudi,Saudi,Content,ADJ,0.025462426,0.02954827
39,39Aw10,soccer,soccer,soccer,Content,NOUN,0.30144125,0.28603196
39,39Aw11,fan,fan,fan,Content,NOUN,0.26840526,0.2617361
39,39Aw12,resorted,resorted,resorted,Content,VERB,0.087752126,0.08752418
39,39Aw13,to,to,to,Function,ADP,null,null
39,39Aw14,unusual,unusual,unusual,Content,ADJ,0.113753065,0.12527616
39,39Aw15,measures.,measures.,measures,Content,NOUN,0.092215724,0.08946342
39,39Bw01,He,He,He,Function,PRON,0.22664742,0.23600343
39,39Bw02,first,first,first,Content,ADV,0.241254,0.26169673
39,39Bw03,flew,flew,flew,Content,VERB,0.1798053,0.18892922
39,39Bw04,to,to,to,Function,ADP,null,null
39,39Bw05,"Kuwait,","Kuwait,",Kuwait,Content,PROPN,0.18306851,0.17420125
39,39Bw06,where,where,where,Content,SCONJ,0.29563612,0.31379995
39,39Bw07,he,he,he,Function,PRON,0.33410025,0.35956106
39,39Bw08,told,told,told,Content,VERB,0.16787468,0.16678691
39,39Bw09,his,his,his,Function,PRON,0.25137374,0.24700888
39,39Bw10,parents,parents,parents,Content,NOUN,0.19023703,0.19049603
39,39Bw11,he,he,he,Function,PRON,0.36315975,0.3857881
39,39Bw12,was,was,was,Content,AUX,0.34156907,0.34839752
39,39Bw13,going,going,going,Content,VERB,0.43863556,0.46545807
39,39Bw14,on,on,on,Function,ADP,0.323264,0.35022023
39,39Bw15,vacation.,vacation.,vacation,Content,NOUN,0.27716938,0.2741234
40,40Aw01,It,It,It,Function,PRON,null,null
40,40Aw02,was,was,was,Content,AUX,null,null
40,40Aw03,bound,bound,bound,Content,VERB,0.060353395,0.060353406
40,40Aw04,to,to,to,Function,PART,null,null
40,40Aw05,happen.,happen.,happen,Content,VERB,0.21799748,0.21792942
40,40Bw01,"Toothpaste,","Toothpaste,",Toothpaste,Content,NOUN,0.03770451,0.037096582
40,40Bw02,perhaps,perhaps,perhaps,Content,ADV,0.2646757,0.3063918
40,40Bw03,the,the,the,Function,DET,0.36465058,0.42900094
40,40Bw04,last,last,last,Content,ADJ,0.3042174,0.3455112
40,40Bw05,part,part,part,Content,NOUN,0.2472796,0.28912282
40,40Bw06,of,of,of,Function,ADP,null,null
40,40Bw07,your,your,your,Function,PRON,0.22109902,0.21471682
40,40Bw08,daily,daily,daily,Content,ADJ,0.13495617,0.121173345
40,40Bw09,grooming,grooming,grooming,Content,NOUN,0.19920701,0.17544195
40,40Bw10,regimen,regimen,regimen,Content,NOUN,0.23284763,0.21539408
40,40Bw11,that,that,that,Function,PRON,0.41679052,0.46644258
40,40Bw12,had,had,had,Content,AUX,0.32725772,0.39195526
40,40Bw13,not,not,not,Content,PART,0.40565994,0.4445865
40,40Bw14,been,been,been,Content,AUX,0.3843594,0.4514035
40,40Bw15,gussied,gussied,gussied,Content,VERB,0.11535111,0.11493787
40,40Bw16,"up,","up,",up,Function,ADP,0.27243593,0.27816612
40,40Bw17,has,has,has,Content,AUX,0.38931212,0.4575201
40,40Bw18,now,now,now,Content,ADV,0.43819413,0.47454786
40,40Bw19,been,been,been,Content,AUX,0.5458688,0.62031025
40,40Bw20,rethought.,rethought.,rethought,Content,VERB,0.26553643,0.26521984
41,41Aw01,Done,Done,Done,Content,VERB,null,null
41,41Aw02,"correctly,","correctly,",correctly,Content,ADV,0.18769944,0.18769944
41,41Aw03,exfoliation,exfoliation,exfoliation,Content,NOUN,0.028781148,0.03389925
41,41Aw04,helps,helps,helps,Content,VERB,0.1646021,0.17916982
41,41Aw05,your,your,your,Function,PRON,0.34976107,0.3570421
41,41Aw06,skin,skin,skin,Content,NOUN,0.41266963,0.34869924
41,41Aw07,purge,purge,purge,Content,VERB,0.16724646,0.15641384
41,41Aw08,dead,dead,dead,Content,ADJ,0.11835285,0.13058011
41,41Aw09,"cells,","cells,",cells,Content,NOUN,0.2689196,0.24840051
41,41Aw10,revealing,revealing,revealing,Content,VERB,0.14932993,0.14806092
41,41Aw11,a,a,a,Function,DET,null,null
41,41Aw12,better,better,better,Content,ADJ,0.24845566,0.29148436
41,41Aw13,complexion,complexion,complexion,Content,NOUN,0.29315352,0.28359255
41,41Aw14,underneath.,underneath.,underneath,Function,ADV,0.30234572,0.31808692
41,41Bw01,That,That,That,Function,DET,0.24983491,0.27144283
41,41Bw02,magic,magic,magic,Content,NOUN,0.24857192,0.2561513
41,41Bw03,draws,draws,draws,Content,VERB,0.16664721,0.17993279
41,41Bw04,us,us,us,Function,PRON,0.2514698,0.27539596
41,41Bw05,to,to,to,Function,ADP,null,null
41,41Bw06,the,the,the,Function,DET,0.26826328,0.29735112
41,41Bw07,practice,practice,practice,Content,NOUN,0.15692507,0.16542935
41,41Bw08,but,but,but,Function,CCONJ,0.30092615,0.33733788
41,41Bw09,also,also,also,Content,ADV,0.17895952,0.19700162
41,41Bw10,makes,makes,makes,Content,VERB,0.2672719,0.2792737
41,41Bw11,us,us,us,Function,PRON,0.27916226,0.3089397
41,41Bw12,overzealous.,overzealous.,overzealous,Content,ADJ,0.16993235,0.18400295
42,42Aw01,By,By,By,Function,ADP,null,null
42,42Aw02,the,the,the,Function,DET,null,null
42,42Aw03,time,time,time,Content,NOUN,null,null
42,42Aw04,most,most,most,Content,ADJ,0.18247563,0.18247563
42,42Aw05,military,military,military,Content,ADJ,0.11422442,0.11378353
42,42Aw06,children,children,children,Content,NOUN,0.19045286,0.18414369
42,42Aw07,complete,complete,complete,Content,VERB,0.13332632,0.14746
42,42Aw08,secondary,secondary,secondary,Content,ADJ,0.23236607,0.22633867
42,42Aw09,"school,","school,",school,Content,NOUN,0.42535496,0.41020355
42,42Aw10,they,they,they,Function,PRON,0.34440917,0.36134326
42,42Aw11,will,will,will,Function,AUX,0.21191923,0.22331755
42,42Aw12,have,have,have,Content,AUX,0.28434882,0.3030512
42,42Aw13,switched,switched,switched,Content,VERB,0.15950324,0.17228383
42,42Aw14,schools,schools,schools,Content,NOUN,0.5007163,0.4763886
42,42Aw15,up,up,up,Function,ADP,0.16330612,0.17663093
42,42Aw16,to,to,to,Function,PART,null,null
42,42Aw17,nine,nine,nine,Function,NUM,0.28706327,0.31054753
42,42Aw18,times.,times.,times,Content,NOUN,0.26744533,0.3053513
42,42Bw01,These,These,These,Function,DET,0.16386136,0.17348841
42,42Bw02,frequent,frequent,frequent,Content,ADJ,0.17851198,0.19237982
42,42Bw03,changes,changes,changes,Content,NOUN,0.17201418,0.17986792
42,42Bw04,between,between,between,Function,ADP,0.20995992,0.21805951
42,42Bw05,schools,schools,schools,Content,NOUN,0.58904094,0.5531865
42,42Bw06,of,of,of,Function,ADP,null,null
42,42Bw07,strikingly,strikingly,strikingly,Content,ADV,0.20144825,0.2095387
42,42Bw08,varying,varying,varying,Content,VERB,0.28665668,0.2876959
42,42Bw09,quality,quality,quality,Content,NOUN,0.24399829,0.24719992
42,42Bw10,trouble,trouble,trouble,Content,VERB,0.17686503,0.18487467
42,42Bw11,military,military,military,Content,ADJ,0.32879612,0.32411256
42,42Bw12,children,children,children,Content,NOUN,0.4437978,0.43655434
42,42Bw13,both,both,both,Function,PRON,0.39059827,0.3980397
42,42Bw14,socially,socially,socially,Content,ADV,0.27604184,0.27911812
42,42Bw15,and,and,and,Function,CCONJ,null,null
42,42Bw16,academically.,academically.,academically,Content,ADV,0.43877476,0.42518714
43,43Aw01,A,A,A,Function,DET,null,null
43,43Aw02,decade,decade,decade,Content,NOUN,null,null
43,43Aw03,"ago,","ago,",ago,Content,ADV,0.3105217,0.3105217
43,43Aw04,natural,natural,natural,Content,ADJ,0.06385952,0.06385215
43,43Aw05,gas,gas,gas,Content,NOUN,0.0845392,0.08475847
43,43Aw06,was,was,was,Content,AUX,0.2206167,0.22436029
43,43Aw07,heralded,heralded,heralded,Content,VERB,0.23150362,0.24084803
43,43Aw08,as,as,as,Function,ADP,0.25967786,0.26049122
43,43Aw09,the,the,the,Function,DET,0.40921214,0.41906354
43,43Aw10,fuel,fuel,fuel,Content,NOUN,0.30477595,0.28047517
43,43Aw11,of,of,of,Function,ADP,null,null
43,43Aw12,the,the,the,Function,DET,0.4083383,0.4215885
43,43Aw13,future.,future.,future,Content,NOUN,0.19702674,0.1944737
43,43Bw01,In,In,In,Function,ADP,0.08407569,0.0914148
43,43Bw02,shale,shale,shale,Content,NOUN,0.27574855,0.25848052
43,43Bw03,fields,fields,fields,Content,NOUN,0.24813767,0.22985123
43,43Bw04,across,across,across,Function,ADP,0.16315652,0.16258858
43,43Bw05,the,the,the,Function,DET,0.36543432,0.40345827
43,43Bw06,"country,","country,",country,Content,NOUN,0.29544505,0.31615397
43,43Bw07,hydraulic,hydraulic,hydraulic,Content,ADJ,0.19544841,0.1684623
43,43Bw08,fracturing,fracturing,fracturing,Content,NOUN,0.34064257,0.29835838
43,43Bw09,uncorked,uncorked,uncorked,Content,VERB,0.1483235,0.15882647
43,43Bw10,a,a,a,Function,DET,null,null
43,43Bw11,lucrative,lucrative,lucrative,Content,ADJ,0.25052586,0.26753634
43,43Bw12,new,new,new,Content,ADJ,0.26794684,0.29209596
43,43Bw13,source,source,source,Content,NOUN,0.1718753,0.19107303
43,43Bw14,of,of,of,Function,ADP,null,null
43,43Bw15,supply.,supply.,supply,Content,NOUN,0.30723903,0.3142727
44,44Aw01,Climate,Climate,Climate,Content,NOUN,null,null
44,44Aw02,change,change,change,Content,NOUN,0.1755534,0.1755534
44,44Aw03,will,will,will,Function,AUX,0.14823024,0.15311407
44,44Aw04,inevitably,inevitably,inevitably,Content,ADV,0.1578987,0.1623058
44,44Aw05,transform,transform,transform,Content,VERB,0.26208934,0.26790383
44,44Aw06,the,the,the,Function,DET,0.27117944,0.2815233
44,44Aw07,way,way,way,Content,NOUN,0.31424206,0.31770897
44,44Aw08,the,the,the,Function,DET,0.3101786,0.33004892
44,44Aw09,world,world,world,Content,NOUN,0.32340208,0.32294998
44,44Aw10,produces,produces,produces,Content,VERB,0.21153876,0.20233442
44,44Aw11,goods.,goods.,goods,Content,NOUN,0.16605426,0.17467107
44,44Bw01,Farmers,Farmers,Farmers,Content,NOUN,0.07826211,0.066097416
44,44Bw02,who,who,who,Function,PRON,0.1273255,0.14800946
44,44Bw03,produce,produce,produce,Content,VERB,0.49848467,0.4695458
44,44Bw04,wine,wine,wine,Content,NOUN,0.25359443,0.24015953
44,44Bw05,"grapes,","grapes,",grapes,Content,NOUN,0.37501028,0.32900015
44,44Bw06,an,an,an,Function,DET,0.08754726,0.08796577
44,44Bw07,especially,especially,especially,Content,ADV,0.26607385,0.2853475
44,44Bw08,sensitive,sensitive,sensitive,Content,ADJ,0.19110712,0.20375766
44,44Bw09,"crop,","crop,",crop,Content,NOUN,0.43336746,0.40814272
44,44Bw10,are,are,are,Content,AUX,0.2869932,0.31040657
44,44Bw11,already,already,already,Content,ADV,0.27717605,0.30727303
44,44Bw12,feeling,feeling,feeling,Content,VERB,0.27285984,0.29965878
44,44Bw13,those,those,those,Function,DET,0.369371,0.40700328
44,44Bw14,effects.,effects.,effects,Content,NOUN,0.2462918,0.26024482
45,45Aw01,Progressives,Progressives,Progressives,Content,NOUN,null,null
45,45Aw02,have,have,have,Content,AUX,0.13024434,0.13024434
45,45Aw03,long,long,long,Content,ADV,0.20471485,0.24074428
45,45Aw04,looked,looked,looked,Content,VERB,0.18569948,0.21179168
45,45Aw05,to,to,to,Function,ADP,null,null
45,45Aw06,federal,federal,federal,Content,ADJ,0.13439861,0.12671068
45,45Aw07,courts,courts,courts,Content,NOUN,0.27435803,0.27568632
45,45Aw08,to,to,to,Function,PART,null,null
45,45Aw09,guard,guard,guard,Content,VERB,0.13955167,0.13432017
45,45Aw10,the,the,the,Function,DET,0.35263106,0.3816068
45,45Aw11,rights,rights,rights,Content,NOUN,0.19381297,0.19382177
45,45Aw12,of,of,of,Function,ADP,null,null
45,45Aw13,racial,racial,racial,Content,ADJ,0.25345057,0.2419851
45,45Aw14,minorities,minorities,minorities,Content,NOUN,0.42924538,0.3880554
45,45Aw15,and,and,and,Function,CCONJ,null,null
45,45Aw16,dissenters.,dissenters.,dissenters,Content,NOUN,0.4082469,0.3836269
45,45Bw01,But,But,But,Function,CCONJ,0.255557,0.2748893
45,45Bw02,that,that,that,Function,DET,0.32983786,0.36932933
45,45Bw03,protection,protection,protection,Content,NOUN,0.2653613,0.27473032
45,45Bw04,is,is,is,Content,AUX,0.16915151,0.18646477
45,45Bw05,weakening.,weakening.,weakening,Content,VERB,0.22175932,0.22697587
46,46Aw01,Ten,Ten,Ten,Function,NUM,null,null
46,46Aw02,years,years,years,Content,NOUN,null,null
46,46Aw03,"ago,","ago,",ago,Content,ADV,0.5054909,0.50549084
46,46Aw04,checklists,checklists,checklists,Content,NOUN,-0.023989959,-0.023706995
46,46Aw05,for,for,for,Function,ADP,0.2627493,0.26852322
46,46Aw06,surgeons,surgeons,surgeons,Content,NOUN,0.18238334,0.16497591
46,46Aw07,were,were,were,Content,AUX,0.23253742,0.23309255
46,46Aw08,all,all,all,Function,DET,0.250706,0.25823382
46,46Aw09,the,the,the,Function,DET,0.2708697,0.29565603
46,46Aw10,rage.,rage.,rage,Content,NOUN,0.036607698,0.04156855
46,46Bw01,Inspired,Inspired,Inspired,Content,VERB,0.07604401,0.067613445
46,46Bw02,by,by,by,Function,ADP,0.21913974,0.2479185
46,46Bw03,the,the,the,Function,DET,0.27083367,0.29139492
46,46Bw04,preflight,preflight,preflight,Content,ADJ,0.20590593,0.16039489
46,46Bw05,routines,routines,routines,Content,NOUN,0.28978747,0.25761694
46,46Bw06,of,of,of,Function,ADP,null,null
46,46Bw07,airline,airline,airline,Content,NOUN,0.23318315,0.20106542
46,46Bw08,"pilots,","pilots,",pilots,Content,NOUN,0.4855529,0.43874675
46,46Bw09,surgical,surgical,surgical,Content,ADJ,0.3526091,0.3234874
46,46Bw10,checklists,checklists,checklists,Content,NOUN,0.54935986,0.5063286
46,46Bw11,were,were,were,Content,AUX,0.30832422,0.3697452
46,46Bw12,shown,shown,shown,Content,VERB,0.083609276,0.0991867
46,46Bw13,to,to,to,Function,PART,null,null
46,46Bw14,prevent,prevent,prevent,Content,VERB,0.21070917,0.21330994
46,46Bw15,tragic,tragic,tragic,Content,ADJ,0.16219483,0.16626632
46,46Bw16,"errors,","errors,",errors,Content,NOUN,0.24474499,0.24713506
46,46Bw17,reduce,reduce,reduce,Content,VERB,0.24597704,0.24516656
46,46Bw18,infections,infections,infections,Content,NOUN,0.25093195,0.24854225
46,46Bw19,and,and,and,Function,CCONJ,null,null
46,46Bw20,save,save,save,Content,VERB,0.27280334,0.28028703
46,46Bw21,lives.,lives.,lives,Content,NOUN,0.25080383,0.26616225
47,47Aw01,The,The,The,Function,DET,null,null
47,47Aw02,many,many,many,Content,ADJ,null,null
47,47Aw03,whiskeys,whiskeys,whiskeys,Content,NOUN,-0.0037654208,-0.0037654103
47,47Aw04,of,of,of,Function,ADP,null,null
47,47Aw05,Japan,Japan,Japan,Content,PROPN,0.11243655,0.120993614
47,47Aw06,are,are,are,Content,AUX,0.23021924,0.3093863
47,47Aw07,complex,complex,complex,Content,ADJ,0.106815994,0.14363639
47,47Aw08,and,and,and,Function,CCONJ,null,null
47,47Aw09,often,often,often,Content,ADV,0.36023772,0.44911796
47,47Aw10,expensive.,expensive.,expensive,Content,ADJ,0.35582462,0.38129413
47,47Bw01,Learning,Learning,Learning,Content,VERB,0.11383742,0.1221877
47,47Bw02,about,about,about,Function,ADP,0.24330841,0.27011472
47,47Bw03,them,them,them,Function,PRON,0.37428218,0.395779
47,47Bw04,can,can,can,Function,AUX,0.38817307,0.4228244
47,47Bw05,be,be,be,Content,AUX,0.28981012,0.3190522
47,47Bw06,a,a,a,Function,DET,null,null
47,47Bw07,challenge.,challenge.,challenge,Content,NOUN,0.20437358,0.20730188
48,48Aw01,Dublin,Dublin,Dublin,Content,PROPN,null,null
48,48Aw02,has,has,has,Content,AUX,0.05386145,0.053861454
48,48Aw03,long,long,long,Content,ADV,0.13532446,0.17089148
48,48Aw04,been,been,been,Content,AUX,0.4033073,0.46181533
48,48Aw05,a,a,a,Function,DET,null,null
48,48Aw06,beer,beer,beer,Content,NOUN,0.08110409,0.07079637
48,48Aw07,and,and,and,Function,CCONJ,null,null
48,48Aw08,whiskey,whiskey,whiskey,Content,NOUN,0.41700184,0.3367393
48,48Aw09,town.,town.,town,Content,NOUN,0.1260878,0.12091507
48,48Bw01,For,For,For,Function,ADP,0.06727757,0.08609288
48,48Bw02,generations,generations,generations,Content,NOUN,0.17990671,0.19901833
48,48Bw03,pubs,pubs,pubs,Content,NOUN,0.46526736,0.41569543
48,48Bw04,poured,poured,poured,Content,VERB,0.16033189,0.15600619
48,48Bw05,the,the,the,Function,DET,0.29046032,0.33054945
48,48Bw06,same,same,same,Content,ADJ,0.1323471,0.1521521
48,48Bw07,pints,pints,pints,Content,NOUN,0.5094332,0.44890592
48,48Bw08,of,of,of,Function,ADP,null,null
48,48Bw09,stout,stout,stout,Content,NOUN,0.3313831,0.31920132
48,48Bw10,and,and,and,Function,CCONJ,null,null
48,48Bw11,familiar,familiar,familiar,Content,ADJ,0.09309483,0.11699225
48,48Bw12,bottles,bottles,bottles,Content,NOUN,0.45611206,0.4112835
48,48Bw13,of,of,of,Function,ADP,null,null
48,48Bw14,"whiskey,","whiskey,",whiskey,Content,NOUN,0.6704533,0.615736
48,48Bw15,but,but,but,Function,CCONJ,0.28733772,0.33571196
48,48Bw16,in,in,in,Function,ADP,0.22376713,0.26933438
48,48Bw17,recent,recent,recent,Content,ADJ,0.17604737,0.2235502
48,48Bw18,years,years,years,Content,NOUN,0.3148169,0.35896814
48,48Bw19,a,a,a,Function,DET,null,null
48,48Bw20,shift,shift,shift,Content,NOUN,0.114972755,0.12265222
48,48Bw21,has,has,has,Content,AUX,0.2821708,0.3779629
48,48Bw22,shaken,shaken,shaken,Content,VERB,0.23330607,0.24482623
48,48Bw23,the,the,the,Function,DET,0.32428044,0.37621987
48,48Bw24,local,local,local,Content,ADJ,0.27315274,0.28152514
48,48Bw25,drinking,drinking,drinking,Content,NOUN,0.49632284,0.45599517
48,48Bw26,scene.,scene.,scene,Content,NOUN,0.20754506,0.20799972
49,49Aw01,For,For,For,Function,ADP,null,null
49,49Aw02,"airlines,","airlines,",airlines,Content,NOUN,null,null
49,49Aw03,time,time,time,Content,NOUN,0.09295343,0.09295343
49,49Aw04,on,on,on,Function,ADP,0.15492573,0.19953693
49,49Aw05,the,the,the,Function,DET,0.23628144,0.31935507
49,49Aw06,ground,ground,ground,Content,NOUN,0.121992625,0.13333684
49,49Aw07,is,is,is,Content,AUX,0.13850358,0.17206486
49,49Aw08,money.,money.,money,Content,NOUN,0.2514248,0.28528133
49,49Bw01,Financially,Financially,Financially,Content,ADV,0.24384528,0.2455362
49,49Bw02,"speaking,","speaking,",speaking,Content,VERB,0.117391825,0.11877602
49,49Bw03,planes,planes,planes,Content,NOUN,0.33462378,0.28037181
49,49Bw04,only,only,only,Content,ADV,0.2735538,0.316583
49,49Bw05,earn,earn,earn,Content,VERB,0.1384796,0.16443998
49,49Bw06,revenue,revenue,revenue,Content,NOUN,0.31691355,0.29919434
49,49Bw07,for,for,for,Function,ADP,0.34909615,0.40583214
49,49Bw08,their,their,their,Function,PRON,0.24273443,0.26497948
49,49Bw09,companies,companies,companies,Content,NOUN,0.39306292,0.35148945
49,49Bw10,when,when,when,Content,SCONJ,0.24990948,0.30715686
49,49Bw11,they,they,they,Function,PRON,0.44280192,0.4857135
49,49Bw12,are,are,are,Content,AUX,0.33327994,0.3579695
49,49Bw13,in,in,in,Function,ADP,0.31928945,0.3776887
49,49Bw14,the,the,the,Function,DET,0.380416,0.4511996
49,49Bw15,"air,","air,",air,Content,NOUN,0.2501635,0.23113407
49,49Bw16,ferrying,ferrying,ferrying,Content,VERB,0.22481324,0.21361896
49,49Bw17,paying,paying,paying,Content,VERB,0.422809,0.41038504
49,49Bw18,passengers.,passengers.,passengers,Content,NOUN,0.3795692,0.33434087
50,50Aw01,Traveling,Traveling,Traveling,Content,NOUN,null,null
50,50Aw02,can,can,can,Function,AUX,0.11156971,0.111569725
50,50Aw03,wreak,wreak,wreak,Content,VERB,0.06757221,0.06757222
50,50Aw04,havoc,havoc,havoc,Content,NOUN,0.31887582,0.30229816
50,50Aw05,on,on,on,Function,ADP,0.08179778,0.08340099
50,50Aw06,your,your,your,Function,PRON,0.10507113,0.10507399
50,50Aw07,fitness.,fitness.,fitness,Content,NOUN,0.06893097,0.07739279
50,50Bw01,If,If,If,Function,SCONJ,0.10047449,0.09961928
50,50Bw02,you,you,you,Function,PRON,0.1658822,0.16771854
50,50Bw03,are,are,are,Content,AUX,0.11670653,0.11629045
50,50Bw04,"lucky,","lucky,",lucky,Content,ADJ,0.1279324,0.13799757
50,50Bw05,all,all,all,Function,DET,0.29684463,0.32338277
50,50Bw06,the,the,the,Function,DET,0.22133383,0.23902194
50,50Bw07,sightseeing,sightseeing,sightseeing,Content,NOUN,0.31131425,0.32047132
50,50Bw08,you,you,you,Function,PRON,0.24895893,0.26222676
50,50Bw09,do,do,do,Content,VERB,0.36363253,0.38752085
50,50Bw10,on,on,on,Function,ADP,0.18619917,0.20018132
50,50Bw11,foot,foot,foot,Content,NOUN,0.17471214,0.16764863
50,50Bw12,will,will,will,Function,AUX,0.21905816,0.26907784
50,50Bw13,cancel,cancel,cancel,Content,VERB,0.21698643,0.22391702
50,50Bw14,out,out,out,Function,ADP,0.24224997,0.2617792
50,50Bw15,the,the,the,Function,DET,0.23919182,0.2661029
50,50Bw16,nighttime,nighttime,nighttime,Content,NOUN,0.23493838,0.23540895
50,50Bw17,eating,eating,eating,Content,NOUN,0.31503895,0.32020685
50,50Bw18,and,and,and,Function,CCONJ,null,null
50,50Bw19,drinking.,drinking.,drinking,Content,NOUN,0.2756508,0.2803704
51,51Aw01,Even,Even,Even,Content,ADV,null,null
51,51Aw02,if,if,if,Function,SCONJ,0.629241,0.62924093
51,51Aw03,you,you,you,Function,PRON,0.3711689,0.3711689
51,51Aw04,strive,strive,strive,Content,VERB,0.1401625,0.1401625
51,51Aw05,for,for,for,Function,ADP,0.19795582,0.24234407
51,51Aw06,a,a,a,Function,DET,null,null
51,51Aw07,sustainable,sustainable,sustainable,Content,ADJ,0.28831384,0.23690167
51,51Aw08,lifestyle,lifestyle,lifestyle,Content,NOUN,0.27507854,0.25666842
51,51Aw09,at,at,at,Function,ADP,0.0711917,0.10109093
51,51Aw10,"home,","home,",home,Content,NOUN,0.18816862,0.21252619
51,51Aw11,it,it,it,Function,PRON,0.3108195,0.38251165
51,51Aw12,may,may,may,Function,AUX,0.25101918,0.2975333
51,51Aw13,be,be,be,Content,AUX,0.25450483,0.30222845
51,51Aw14,tempting,tempting,tempting,Content,ADJ,0.18718395,0.21357425
51,51Aw15,to,to,to,Function,PART,null,null
51,51Aw16,avoid,avoid,avoid,Content,VERB,0.23356868,0.26026616
51,51Aw17,thinking,thinking,thinking,Content,VERB,0.3667616,0.37640163
51,51Aw18,about,about,about,Function,ADP,0.18240218,0.20417589
51,51Aw19,the,the,the,Function,DET,0.3119687,0.3467851
51,51Aw20,impact,impact,impact,Content,NOUN,0.20135216,0.2026385
51,51Aw21,your,your,your,Function,PRON,0.3461133,0.35321426
51,51Aw22,travels,travels,travels,Content,NOUN,0.19058186,0.19010659
51,51Aw23,could,could,could,Function,AUX,0.38281012,0.4191852
51,51Aw24,have,have,have,Content,VERB,0.32057709,0.37384993
51,51Aw25,on,on,on,Function,ADP,0.2623653,0.27861932
51,51Aw26,the,the,the,Function,DET,0.34717554,0.38261276
51,51Aw27,environment.,environment.,environment,Content,NOUN,0.36072254,0.33576116
51,51Bw01,No,No,No,Function,DET,0.16060592,0.19616114
51,51Bw02,one,one,one,Content,NOUN,0.30732962,0.3467217
51,51Bw03,wants,wants,wants,Content,VERB,0.3496829,0.33368164
51,51Bw04,to,to,to,Function,PART,null,null
51,51Bw05,feel,feel,feel,Content,VERB,0.47829086,0.50098294
51,51Bw06,guilty,guilty,guilty,Content,ADJ,0.16112946,0.16637765
51,51Bw07,on,on,on,Function,ADP,0.22967108,0.24988455
51,51Bw08,vacation.,vacation.,vacation,Content,NOUN,0.2910022,0.28660607
52,52Aw01,Great,Great,Great,Content,ADJ,null,null
52,52Aw02,snow,snow,snow,Content,NOUN,0.10010057,0.10010056
52,52Aw03,conditions,conditions,conditions,Content,NOUN,0.165873,0.14598146
52,52Aw04,can,can,can,Function,AUX,0.15179524,0.17152476
52,52Aw05,make,make,make,Content,VERB,0.15706624,0.17639445
52,52Aw06,a,a,a,Function,DET,null,null
52,52Aw07,ski,ski,ski,Content,NOUN,0.35777858,0.32097164
52,52Aw08,trip,trip,trip,Content,NOUN,0.2245281,0.22561683
52,52Aw09,magical.,magical.,magical,Content,ADJ,0.24289724,0.2581684
52,52Bw01,Skiers,Skiers,Skiers,Content,NOUN,0.40829492,0.36573115
52,52Bw02,can,can,can,Function,AUX,0.19904546,0.22888075
52,52Bw03,weight,weight,weight,Content,VERB,0.1215799,0.12997007
52,52Bw04,the,the,the,Function,DET,0.2900234,0.31785718
52,52Bw05,odds,odds,odds,Content,NOUN,0.16162449,0.17612594
52,52Bw06,in,in,in,Function,ADP,0.23715752,0.2654326
52,52Bw07,their,their,their,Function,PRON,0.21540844,0.2363893
52,52Bw08,favor,favor,favor,Content,NOUN,0.12904185,0.13826495
52,52Bw09,by,by,by,Function,ADP,0.10440997,0.113873556
52,52Bw10,picking,picking,picking,Content,VERB,0.1745005,0.19807926
52,52Bw11,their,their,their,Function,PRON,0.2550284,0.27815643
52,52Bw12,destinations,destinations,destinations,Content,NOUN,0.31381553,0.31029794
52,52Bw13,according,according,according,Content,VERB,0.10684738,0.110829145
52,52Bw14,to,to,to,Function,ADP,null,null
52,52Bw15,the,the,the,Function,DET,0.34213814,0.37533092
52,52Bw16,time,time,time,Content,NOUN,0.31221056,0.3309273
52,52Bw17,of,of,of,Function,ADP,null,null
52,52Bw18,winter.,winter.,winter,Content,NOUN,0.46945632,0.44932967
53,53Aw01,Tent,Tent,Tent,Content,NOUN,null,null
53,53Aw02,camping,camping,camping,Content,NOUN,0.41195953,0.4119595
53,53Aw03,should,should,should,Function,AUX,0.024045996,0.023975885
53,53Aw04,be,be,be,Content,AUX,0.044064533,0.044020705
53,53Aw05,one,one,one,Function,NUM,0.21506803,0.24693358
53,53Aw06,of,of,of,Function,ADP,null,null
53,53Aw07,the,the,the,Function,DET,0.19416259,0.2355637
53,53Aw08,cheapest,cheapest,cheapest,Content,ADJ,0.13427727,0.13820368
53,53Aw09,forms,forms,forms,Content,NOUN,0.116305575,0.13507345
53,53Aw10,of,of,of,Function,ADP,null,null
53,53Aw11,"travel,","travel,",travel,Content,NOUN,0.29174712,0.29153195
53,53Aw12,subject,subject,subject,Content,ADJ,0.094133645,0.11777021
53,53Aw13,to,to,to,Function,ADP,null,null
53,53Aw14,nominal,nominal,nominal,Content,ADJ,0.22997947,0.23587416
53,53Aw15,campsite,campsite,campsite,Content,NOUN,0.45944637,0.41670257
53,53Aw16,and,and,and,Function,CCONJ,null,null
53,53Aw17,park,park,park,Content,NOUN,0.42439356,0.39841035
53,53Aw18,admission,admission,admission,Content,NOUN,0.29350424,0.30507848
53,53Aw19,fees.,fees.,fees,Content,NOUN,0.33727336,0.34474352
53,53Bw01,"But,","But,",But,Function,CCONJ,0.1568537,0.16933088
53,53Bw02,short,short,short,Content,ADJ,0.12514192,0.13782284
53,53Bw03,of,of,of,Function,ADP,null,null
53,53Bw04,borrowing,borrowing,borrowing,Content,VERB,0.23429252,0.24446726
53,53Bw05,"gear,","gear,",gear,Content,NOUN,0.22506449,0.22269227
53,53Bw06,bringing,bringing,bringing,Content,VERB,0.14110407,0.15305658
53,53Bw07,your,your,your,Function,PRON,0.23744014,0.24988778
53,53Bw08,own,own,own,Content,ADJ,0.27432397,0.28114444
53,53Bw09,bedroll,bedroll,bedroll,Content,NOUN,0.36508927,0.3413953
53,53Bw10,and,and,and,Function,CCONJ,null,null
53,53Bw11,shelter,shelter,shelter,Content,NOUN,0.36748785,0.34924817
53,53Bw12,can,can,can,Function,AUX,0.24997894,0.28202716
53,53Bw13,be,be,be,Content,AUX,0.29181522,0.34464145
53,53Bw14,costly.,costly.,costly,Content,ADJ,0.21707912,0.23333116
54,54Aw01,Family,Family,Family,Content,NOUN,null,null
54,54Aw02,separations,separations,separations,Content,NOUN,0.18171811,0.18171808
54,54Aw03,at,at,at,Function,ADP,0.0068183285,0.014828475
54,54Aw04,the,the,the,Function,DET,0.03590604,0.03887883
54,54Aw05,border,border,border,Content,NOUN,0.14985736,0.15493955
54,54Aw06,are,are,are,Content,AUX,0.14208643,0.13952014
54,54Aw07,not,not,not,Content,PART,0.22284953,0.25151932
54,54Aw08,the,the,the,Function,DET,0.22366539,0.2685248
54,54Aw09,only,only,only,Content,ADJ,0.25809315,0.32585615
54,54Aw10,crisis,crisis,crisis,Content,NOUN,0.1464006,0.14518827
54,54Aw11,immigrant,immigrant,immigrant,Content,ADJ,0.2708103,0.24328367
54,54Aw12,children,children,children,Content,NOUN,0.36814827,0.37133846
54,54Aw13,face.,face.,face,Content,VERB,0.15566538,0.17202492
54,54Bw01,Children,Children,Children,Content,NOUN,0.2937624,0.29091534
54,54Bw02,who,who,who,Function,PRON,0.2712207,0.30922374
54,54Bw03,were,were,were,Content,AUX,0.3394018,0.38010448
54,54Bw04,taken,taken,taken,Content,VERB,0.21440522,0.23588035
54,54Bw05,from,from,from,Function,ADP,0.27557406,0.29581255
54,54Bw06,their,their,their,Function,PRON,0.36572817,0.3923692
54,54Bw07,"parents,","parents,",parents,Content,NOUN,0.5512571,0.5503764
54,54Bw08,or,or,or,Function,CCONJ,0.25823066,0.2931078
54,54Bw09,who,who,who,Function,PRON,0.27153373,0.29874116
54,54Bw10,crossed,crossed,crossed,Content,VERB,0.17738713,0.18021826
54,54Bw11,the,the,the,Function,DET,0.30171698,0.3418375
54,54Bw12,border,border,border,Content,NOUN,0.45026693,0.3969783
54,54Bw13,"alone,","alone,",alone,Content,ADV,0.34366953,0.37421894
54,54Bw14,also,also,also,Content,ADV,0.23196271,0.2762697
54,54Bw15,go,go,go,Content,VERB,0.29354283,0.32088223
54,54Bw16,to,to,to,Function,ADP,null,null
54,54Bw17,their,their,their,Function,PRON,0.37063387,0.39824063
54,54Bw18,immigration,immigration,immigration,Content,NOUN,0.38594866,0.3275535
54,54Bw19,hearings,hearings,hearings,Content,NOUN,0.19029216,0.1807733
54,54Bw20,alone.,alone.,alone,Content,ADV,0.41204676,0.46059498
55,55Aw01,Winning,Winning,Winning,Content,VERB,null,null
55,55Aw02,civil,civil,civil,Content,ADJ,0.055553474,0.055553477
55,55Aw03,rights,rights,rights,Content,NOUN,0.13839003,0.13138509
55,55Aw04,is,is,is,Content,AUX,0.10655044,0.10834087
55,55Aw05,never,never,never,Content,ADV,0.16533391,0.16764954
55,55Aw06,easy.,easy.,easy,Content,ADJ,0.14760715,0.17669821
55,55Bw01,The,The,The,Function,DET,0.14224999,0.15347402
55,55Bw02,fight,fight,fight,Content,NOUN,0.2864664,0.2816146
55,55Bw03,can,can,can,Function,AUX,0.38600892,0.42150682
55,55Bw04,stretch,stretch,stretch,Content,VERB,0.2325441,0.24257821
55,55Bw05,on,on,on,Function,ADP,0.20216814,0.21300048
55,55Bw06,for,for,for,Function,ADP,0.330976,0.34959206
55,55Bw07,decades,decades,decades,Content,NOUN,0.2365226,0.23625109
55,55Bw08,and,and,and,Function,CCONJ,null,null
55,55Bw09,include,include,include,Content,VERB,0.033559225,0.038800146
55,55Bw10,setbacks,setbacks,setbacks,Content,NOUN,0.2983407,0.3003105
55,55Bw11,that,that,that,Function,PRON,0.39848506,0.42054352
55,55Bw12,feel,feel,feel,Content,VERB,0.29893905,0.3222526
55,55Bw13,like,like,like,Function,ADP,0.36927542,0.38418442
55,55Bw14,utter,utter,utter,Content,ADJ,0.1842472,0.1953838
55,55Bw15,defeat.,defeat.,defeat,Content,NOUN,0.35407773,0.34812397
56,56Aw01,For,For,For,Function,ADP,null,null
56,56Aw02,the,the,the,Function,DET,null,null
56,56Aw03,rural,rural,rural,Content,ADJ,null,null
56,56Aw04,firefighters,firefighters,firefighters,Content,NOUN,0.13694699,0.136947
56,56Aw05,of,of,of,Function,ADP,null,null
56,56Aw06,"Australia,","Australia,",Australia,Content,PROPN,0.044017468,0.05585478
56,56Aw07,no,no,no,Function,DET,0.0698598,0.06900721
56,56Aw08,donation,donation,donation,Content,NOUN,0.06645394,0.06473773
56,56Aw09,is,is,is,Content,AUX,0.11121767,0.116691105
56,56Aw10,too,too,too,Content,ADV,0.14323527,0.16329898
56,56Aw11,small.,small.,small,Content,ADJ,0.32656765,0.3325543
56,56Bw01,They,They,They,Function,PRON,0.20412892,0.22589967
56,56Bw02,have,have,have,Content,AUX,0.2589475,0.2859676
56,56Bw03,long,long,long,Content,ADV,0.21038681,0.26363716
56,56Bw04,been,been,been,Content,AUX,0.3497609,0.42063165
56,56Bw05,known,known,known,Content,VERB,0.15420794,0.19608131
56,56Bw06,to,to,to,Function,PART,null,null
56,56Bw07,canvass,canvass,canvass,Content,VERB,0.16205513,0.12818271
56,56Bw08,for,for,for,Function,ADP,0.37589243,0.41459823
56,56Bw09,dollars,dollars,dollars,Content,NOUN,0.24002409,0.23192063
56,56Bw10,and,and,and,Function,CCONJ,null,null
56,56Bw11,cents,cents,cents,Content,NOUN,0.25176173,0.2158457
56,56Bw12,in,in,in,Function,ADP,0.33416682,0.37273788
56,56Bw13,town,town,town,Content,NOUN,0.27016285,0.27128682
56,56Bw14,"markets,","markets,",markets,Content,NOUN,0.17174897,0.15404482
56,56Bw15,and,and,and,Function,CCONJ,null,null
56,56Bw16,their,their,their,Function,PRON,0.262531,0.28385442
56,56Bw17,collection,collection,collection,Content,NOUN,0.17065328,0.15675956
56,56Bw18,tins,tins,tins,Content,NOUN,0.29528508,0.27298412
56,56Bw19,are,are,are,Content,AUX,0.32135963,0.38995543
56,56Bw20,fondly,fondly,fondly,Content,ADV,0.12788795,0.14156415
56,56Bw21,displayed,displayed,displayed,Content,VERB,0.14057228,0.15286349
56,56Bw22,in,in,in,Function,ADP,0.3257217,0.3582431
56,56Bw23,local,local,local,Content,ADJ,0.38166738,0.3800141
56,56Bw24,storefronts.,storefronts.,storefronts,Content,NOUN,0.28832862,0.2822205
57,57Aw01,Our,Our,Our,Function,PRON,null,null
57,57Aw02,relationship,relationship,relationship,Content,NOUN,null,null
57,57Aw03,to,to,to,Function,ADP,null,null
57,57Aw04,privacy,privacy,privacy,Content,NOUN,0.16883926,0.16883928
57,57Aw05,is,is,is,Content,AUX,0.0977474,0.10547788
57,57Aw06,inseparable,inseparable,inseparable,Content,ADJ,0.13521199,0.13487686
57,57Aw07,from,from,from,Function,ADP,0.04656814,0.06397132
57,57Aw08,our,our,our,Function,PRON,0.27543673,0.2938943
57,57Aw09,idea,idea,idea,Content,NOUN,0.23654132,0.25661686
57,57Aw10,of,of,of,Function,ADP,null,null
57,57Aw11,trust.,trust.,trust,Content,NOUN,0.3373311,0.32457963
57,57Bw01,If,If,If,Function,SCONJ,0.106978364,0.13024604
57,57Bw02,you,you,you,Function,PRON,0.20950355,0.24578989
57,57Bw03,trust,trust,trust,Content,VERB,0.5749991,0.5913396
57,57Bw04,"someone,","someone,",someone,Content,PRON,0.22827817,0.24888907
57,57Bw05,you,you,you,Function,PRON,0.3055592,0.3535049
57,57Bw06,may,may,may,Function,AUX,0.20442344,0.25218442
57,57Bw07,be,be,be,Content,AUX,0.2324237,0.28389964
57,57Bw08,more,more,more,Content,ADV,0.17433462,0.19910939
57,57Bw09,willing,willing,willing,Content,ADJ,0.25580588,0.26706153
57,57Bw10,to,to,to,Function,PART,null,null
57,57Bw11,divulge,divulge,divulge,Content,VERB,0.25804725,0.24565323
57,57Bw12,personal,personal,personal,Content,ADJ,0.38887027,0.35719118
57,57Bw13,information,information,information,Content,NOUN,0.30329034,0.3064938
57,57Bw14,to,to,to,Function,ADP,null,null
57,57Bw15,them.,them.,them,Function,PRON,0.38197836,0.41402698
58,58Aw01,Businesses,Businesses,Businesses,Content,NOUN,null,null
58,58Aw02,do,do,do,Content,VERB,0.15198225,0.15198226
58,58Aw03,themselves,themselves,themselves,Function,PRON,0.30924934,0.325163
58,58Aw04,a,a,a,Function,DET,null,null
58,58Aw05,disservice,disservice,disservice,Content,NOUN,0.23699673,0.25764066
58,58Aw06,by,by,by,Function,ADP,0.07736471,0.06430233
58,58Aw07,shying,shying,shying,Content,VERB,0.11704236,0.124250084
58,58Aw08,away,away,away,Content,ADP,0.26920304,0.27748355
58,58Aw09,from,from,from,Function,ADP,0.24130946,0.26444688
58,58Aw10,older,older,older,Content,ADJ,0.182178,0.1995544
58,58Aw11,workers.,workers.,workers,Content,NOUN,0.15061063,0.16706137
58,58Bw01,Rather,Rather,Rather,Content,ADV,0.2769776,0.26828486
58,58Bw02,than,than,than,Function,ADP,0.36382583,0.3925166
58,58Bw03,worrying,worrying,worrying,Content,VERB,0.3535797,0.36157563
58,58Bw04,about,about,about,Function,ADP,0.36116514,0.37163317
58,58Bw05,only,only,only,Content,ADV,0.34791142,0.36739618
58,58Bw06,the,the,the,Function,DET,0.32374626,0.36316973
58,58Bw07,potential,potential,potential,Content,ADJ,0.25355616,0.25839144
58,58Bw08,cost,cost,cost,Content,NOUN,0.3088827,0.31393808
58,58Bw09,of,of,of,Function,ADP,null,null
58,58Bw10,a,a,a,Function,DET,null,null
58,58Bw11,more,more,more,Content,ADV,0.40374613,0.43497822
58,58Bw12,experienced,experienced,experienced,Content,ADJ,0.23615797,0.23933008
58,58Bw13,"worker,","worker,",worker,Content,NOUN,0.16855957,0.15448552
58,58Bw14,hiring,hiring,hiring,Content,VERB,0.28714964,0.27455777
58,58Bw15,managers,managers,managers,Content,NOUN,0.3728995,0.35678765
58,58Bw16,should,should,should,Function,AUX,0.39682654,0.4193972
58,58Bw17,also,also,also,Content,ADV,0.30609575,0.32934597
58,58Bw18,consider,consider,consider,Content,VERB,0.3761637,0.37882152
58,58Bw19,the,the,the,Function,DET,0.3676651,0.40644994
58,58Bw20,benefits,benefits,benefits,Content,NOUN,0.35415092,0.3473521
58,58Bw21,of,of,of,Function,ADP,null,null
58,58Bw22,hiring,hiring,hiring,Content,VERB,0.4464937,0.41010636
58,58Bw23,them.,them.,them,Function,PRON,0.44857338,0.48057717
59,59Aw01,Earth,Earth,Earth,Content,PROPN,null,null
59,59Aw02,is,is,is,Content,AUX,0.08427109,0.0842711
59,59Aw03,"warming,","warming,",warming,Content,VERB,0.24533899,0.21827231
59,59Aw04,and,and,and,Function,CCONJ,null,null
59,59Aw05,we,we,we,Function,PRON,0.19208218,0.22173378
59,59Aw06,know,know,know,Content,VERB,0.18961294,0.21745813
59,59Aw07,why.,why.,why,Content,SCONJ,0.26421937,0.32698855
59,59Bw01,Light,Light,Light,Content,NOUN,0.17316656,0.14093336
59,59Bw02,is,is,is,Content,AUX,0.43473235,0.5229238
59,59Bw03,reflected,reflected,reflected,Content,VERB,0.19267632,0.20157458
59,59Bw04,and,and,and,Function,CCONJ,null,null
59,59Bw05,absorbed,absorbed,absorbed,Content,VERB,0.18758528,0.17139007
59,59Bw06,by,by,by,Function,ADP,0.1629151,0.18111594
59,59Bw07,"clouds,","clouds,",clouds,Content,NOUN,0.29731643,0.27329248
59,59Bw08,"air,","air,",air,Content,NOUN,0.2648595,0.23059791
59,59Bw09,"oceans,","oceans,",oceans,Content,NOUN,0.41658017,0.36690244
59,59Bw10,ice,ice,ice,Content,NOUN,0.35609627,0.31899753
59,59Bw11,and,and,and,Function,CCONJ,null,null
59,59Bw12,land.,land.,land,Content,NOUN,0.23787463,0.22746111
60,60Aw01,Nobody,Nobody,Nobody,Content,PRON,null,null
60,60Aw02,ever,ever,ever,Content,ADV,0.34923387,0.34923384
60,60Aw03,really,really,really,Content,ADV,0.52699184,0.5192937
60,60Aw04,tells,tells,tells,Content,VERB,0.20105064,0.20303527
60,60Aw05,you,you,you,Function,PRON,0.509923,0.51813364
60,60Aw06,how,how,how,Content,SCONJ,0.45654732,0.46250936
60,60Aw07,to,to,to,Function,PART,null,null
60,60Aw08,breathe.,breathe.,breathe,Content,VERB,0.22304662,0.22526479
60,60Bw01,You,You,You,Function,PRON,0.42901516,0.44261977
60,60Bw02,just,just,just,Content,ADV,0.61063784,0.62372077
60,60Bw03,know,know,know,Content,VERB,0.66593474,0.6758805
60,60Bw04,how,how,how,Content,SCONJ,0.624877,0.63912636
60,60Bw05,to,to,to,Function,PART,null,null
60,60Bw06,do,do,do,Content,VERB,0.6543435,0.6700285
60,60Bw07,it.,it.,it,Function,PRON,0.62691414,0.64058757
61,61Aw01,The,The,The,Function,DET,null,null
61,61Aw02,immense,immense,immense,Content,ADJ,null,null
61,61Aw03,wall,wall,wall,Content,NOUN,0.1581534,0.15815338
61,61Aw04,of,of,of,Function,ADP,null,null
61,61Aw05,"crumbling,","crumbling,",crumbling,Content,VERB,0.2792348,0.279685
61,61Aw06,whitewashed,whitewashed,whitewashed,Content,ADJ,0.328389,0.32100937
61,61Aw07,stone,stone,stone,Content,NOUN,0.40227795,0.40372935
61,61Aw08,might,might,might,Function,AUX,0.13052592,0.13207081
61,61Aw09,have,have,have,Content,AUX,0.1419117,0.14549325
61,61Aw10,belonged,belonged,belonged,Content,VERB,0.17732328,0.19099222
61,61Aw11,to,to,to,Function,ADP,null,null
61,61Aw12,an,an,an,Function,DET,0.060008876,0.06041435
61,61Aw13,abandoned,abandoned,abandoned,Content,VERB,0.38788837,0.37819996
61,61Aw14,castle.,castle.,castle,Content,NOUN,0.35029924,0.3362628
61,61Bw01,Turrets,Turrets,Turrets,Content,NOUN,0.1454534,0.141914
61,61Bw02,lined,lined,lined,Content,VERB,0.28816658,0.29094544
61,61Bw03,a,a,a,Function,DET,null,null
61,61Bw04,roof,roof,roof,Content,NOUN,0.39570102,0.3893486
61,61Bw05,that,that,that,Function,PRON,0.23111585,0.26945496
61,61Bw06,was,was,was,Content,AUX,0.16217151,0.18131073
61,61Bw07,no,no,no,Content,PRON,0.23241153,0.26115364
61,61Bw08,longer,longer,longer,Content,ADV,0.18309729,0.21642807
61,61Bw09,"there,","there,",there,Content,ADV,0.377978,0.42621475
61,61Bw10,and,and,and,Function,CCONJ,null,null
61,61Bw11,watchtowers,watchtowers,watchtowers,Content,NOUN,0.37854245,0.34244746
61,61Bw12,poked,poked,poked,Content,VERB,0.25577188,0.25601363
61,61Bw13,the,the,the,Function,DET,0.3604566,0.40708795
61,61Bw14,sky,sky,sky,Content,NOUN,0.33197916,0.3094389
61,61Bw15,at,at,at,Function,ADP,0.15143563,0.17695566
61,61Bw16,each,each,each,Function,DET,0.14837375,0.15947461
61,61Bw17,corner.,corner.,corner,Content,NOUN,0.34930167,0.34403843
62,62Aw01,You,You,You,Function,PRON,null,null
62,62Aw02,never,never,never,Content,ADV,null,null
62,62Aw03,know,know,know,Content,VERB,0.4364746,0.4364746
62,62Aw04,where,where,where,Content,SCONJ,0.4116239,0.4113613
62,62Aw05,you,you,you,Function,PRON,0.455888,0.4493921
62,62Aw06,will,will,will,Function,AUX,0.15371443,0.15556069
62,62Aw07,find,find,find,Content,VERB,0.3706949,0.37290582
62,62Aw08,love.,love.,love,Content,NOUN,0.41126847,0.4047076
62,62Bw01,Even,Even,Even,Content,ADV,0.2820885,0.2916358
62,62Bw02,on,on,on,Function,ADP,0.21447137,0.23332906
62,62Bw03,a,a,a,Function,DET,null,null
62,62Bw04,crowded,crowded,crowded,Content,ADJ,0.20298167,0.22063872
62,62Bw05,airplane,airplane,airplane,Content,NOUN,0.20510662,0.20538351
62,62Bw06,or,or,or,Function,CCONJ,0.31899327,0.34920868
62,62Bw07,a,a,a,Function,DET,null,null
62,62Bw08,cruise,cruise,cruise,Content,NOUN,0.23848736,0.21824603
62,62Bw09,ship.,ship.,ship,Content,NOUN,0.3254285,0.29040352
63,63Aw01,Imagine,Imagine,Imagine,Content,VERB,null,null
63,63Aw02,an,an,an,Function,DET,0.06466867,0.06466867
63,63Aw03,animal,animal,animal,Content,NOUN,0.02651955,0.026519548
63,63Aw04,that,that,that,Function,PRON,0.17342632,0.17348954
63,63Aw05,looks,looks,looks,Content,VERB,0.26222154,0.2747061
63,63Aw06,like,like,like,Function,ADP,0.45830858,0.4704426
63,63Aw07,a,a,a,Function,DET,null,null
63,63Aw08,"dinosaur,","dinosaur,",dinosaur,Content,NOUN,0.29804385,0.2826062
63,63Aw09,and,and,and,Function,CCONJ,null,null
63,63Aw10,you,you,you,Function,PRON,0.31789878,0.34240043
63,63Aw11,probably,probably,probably,Content,ADV,0.37451538,0.40010935
63,63Aw12,will,will,will,Function,AUX,0.202026,0.24052116
63,63Aw13,not,not,not,Content,PART,0.3524604,0.40603784
63,63Aw14,imagine,imagine,imagine,Content,VERB,0.56568205,0.59941876
63,63Aw15,a,a,a,Function,DET,null,null
63,63Aw16,bat.,bat.,bat,Content,NOUN,0.2054374,0.19546758
63,63Bw01,But,But,But,Function,CCONJ,0.3071917,0.33853224
63,63Bw02,that,that,that,Function,PRON,0.33812103,0.38383526
63,63Bw03,may,may,may,Function,AUX,0.34779662,0.40022725
63,63Bw04,change.,change.,change,Content,VERB,0.23509906,0.24885646
